#
# There is insufficient memory for the Java Runtime Environment to continue.
# Native memory allocation (mmap) failed to map 452984832 bytes for G1 virtual space
# Possible reasons:
#   The system is out of physical RAM or swap space
#   The process is running with CompressedOops enabled, and the Java Heap may be blocking the growth of the native heap
# Possible solutions:
#   Reduce memory load on the system
#   Increase physical memory or swap space
#   Check if swap backing store is full
#   Decrease Java heap size (-Xmx/-Xms)
#   Decrease number of Java threads
#   Decrease Java thread stack sizes (-Xss)
#   Set larger code cache with -XX:ReservedCodeCacheSize=
#   JVM is running with Zero Based Compressed Oops mode in which the Java heap is
#     placed in the first 32GB address space. The Java Heap base address is the
#     maximum limit for the native heap growth. Please use -XX:HeapBaseMinAddress
#     to set the Java Heap base and to place the Java Heap above 32GB virtual address.
# This output file may be truncated or incomplete.
#
#  Out of Memory Error (os_windows.cpp:3527), pid=12448, tid=9340
#
# JRE version: Java(TM) SE Runtime Environment (19.0.1+10) (build 19.0.1+10-21)
# Java VM: Java HotSpot(TM) 64-Bit Server VM (19.0.1+10-21, mixed mode, sharing, tiered, compressed oops, compressed class ptrs, g1 gc, windows-amd64)
# No core dump will be written. Minidumps are not enabled by default on client versions of Windows
#

---------------  S U M M A R Y ------------

Command Line: -Xms512m -Xmx2g -Xmx8g mcvs.Main 50 1.5

Host: Intel(R) Core(TM) i5-8500 CPU @ 3.00GHz, 6 cores, 15G,  Windows 11 , 64 bit Build 26100 (10.0.26100.8875)
Time: Thu Aug  6 23:13:36 2026  Windows 11 , 64 bit Build 26100 (10.0.26100.8875) elapsed time: 2418.955300 seconds (0d 0h 40m 18s)

---------------  T H R E A D  ---------------

Current thread (0x000001a858561d50):  VMThread "VM Thread" [stack: 0x0000004a08600000,0x0000004a08700000] [id=9340]

Stack: [0x0000004a08600000,0x0000004a08700000]
Native frames: (J=compiled Java code, j=interpreted, Vv=VM code, C=native code)
V  [jvm.dll+0x6ee8fa]
V  [jvm.dll+0x857a1e]
V  [jvm.dll+0x85940e]
V  [jvm.dll+0x859ac3]
V  [jvm.dll+0x28291f]
V  [jvm.dll+0x6eb6e9]
V  [jvm.dll+0x6e028a]
V  [jvm.dll+0x357136]
V  [jvm.dll+0x35eb96]
V  [jvm.dll+0x3b555e]
V  [jvm.dll+0x3b578f]
V  [jvm.dll+0x32c6ea]
V  [jvm.dll+0x32f276]
V  [jvm.dll+0x339df5]
V  [jvm.dll+0x372a40]
V  [jvm.dll+0x85ef83]
V  [jvm.dll+0x85fd49]
V  [jvm.dll+0x86027d]
V  [jvm.dll+0x86070b]
V  [jvm.dll+0x8607c7]
V  [jvm.dll+0x8015fa]
V  [jvm.dll+0x6ed5eb]
C  [ucrtbase.dll+0x2cd30]
C  [KERNEL32.DLL+0x2e957]
C  [ntdll.dll+0xaad6c]

VM_Operation (0x0000004a082ff610): G1PauseRemark, mode: safepoint, requested by thread 0x000001a82e4dd7a0


---------------  P R O C E S S  ---------------

Threads class SMR info:
_java_thread_list=0x000001a85efcb640, length=14, elements={
0x000001a82e421fb0, 0x000001a85857d5b0, 0x000001a85ed12090, 0x000001a85ed157c0,
0x000001a85ed160f0, 0x000001a85ed17590, 0x000001a85ed17ec0, 0x000001a85ed2b2a0,
0x000001a85ed30120, 0x000001a85ed31a00, 0x000001a85ee65640, 0x000001a85ee65fe0,
0x000001a85efc5270, 0x000001a85efc57c0
}

Java Threads: ( => current thread )
  0x000001a82e421fb0 JavaThread "main" [_thread_blocked, id=13252, stack(0x0000004a08000000,0x0000004a08100000)]
  0x000001a85857d5b0 JavaThread "Reference Handler" daemon [_thread_blocked, id=10728, stack(0x0000004a08700000,0x0000004a08800000)]
  0x000001a85ed12090 JavaThread "Finalizer" daemon [_thread_blocked, id=3924, stack(0x0000004a08800000,0x0000004a08900000)]
  0x000001a85ed157c0 JavaThread "Signal Dispatcher" daemon [_thread_blocked, id=17608, stack(0x0000004a08900000,0x0000004a08a00000)]
  0x000001a85ed160f0 JavaThread "Attach Listener" daemon [_thread_blocked, id=6728, stack(0x0000004a08a00000,0x0000004a08b00000)]
  0x000001a85ed17590 JavaThread "Service Thread" daemon [_thread_blocked, id=22308, stack(0x0000004a08b00000,0x0000004a08c00000)]
  0x000001a85ed17ec0 JavaThread "Monitor Deflation Thread" daemon [_thread_blocked, id=18440, stack(0x0000004a08c00000,0x0000004a08d00000)]
  0x000001a85ed2b2a0 JavaThread "C2 CompilerThread0" daemon [_thread_blocked, id=17120, stack(0x0000004a08d00000,0x0000004a08e00000)]
  0x000001a85ed30120 JavaThread "C1 CompilerThread0" daemon [_thread_blocked, id=10168, stack(0x0000004a08e00000,0x0000004a08f00000)]
  0x000001a85ed31a00 JavaThread "Sweeper thread" daemon [_thread_blocked, id=7636, stack(0x0000004a08f00000,0x0000004a09000000)]
  0x000001a85ee65640 JavaThread "Notification Thread" daemon [_thread_blocked, id=18500, stack(0x0000004a09000000,0x0000004a09100000)]
  0x000001a85ee65fe0 JavaThread "Common-Cleaner" daemon [_thread_blocked, id=9372, stack(0x0000004a09200000,0x0000004a09300000)]
  0x000001a85efc5270 JavaThread "pool-46-thread-1" [_thread_blocked, id=21224, stack(0x0000004a09900000,0x0000004a09a00000)]
  0x000001a85efc57c0 JavaThread "pool-46-thread-2" [_thread_blocked, id=1672, stack(0x0000004a09a00000,0x0000004a09b00000)]

Other Threads:
=>0x000001a858561d50 VMThread "VM Thread" [stack: 0x0000004a08600000,0x0000004a08700000] [id=9340]
  0x000001a85ee65b80 WatcherThread "VM Periodic Task Thread" [stack: 0x0000004a09100000,0x0000004a09200000] [id=14484]
  0x000001a82e4d8950 WorkerThread "GC Thread#0" [stack: 0x0000004a08100000,0x0000004a08200000] [id=18560]
  0x000001a85f338030 WorkerThread "GC Thread#1" [stack: 0x0000004a09400000,0x0000004a09500000] [id=18360]
  0x000001a85f338300 WorkerThread "GC Thread#2" [stack: 0x0000004a09500000,0x0000004a09600000] [id=4532]
  0x000001a85f3385d0 WorkerThread "GC Thread#3" [stack: 0x0000004a09600000,0x0000004a09700000] [id=13484]
  0x000001a85f5ddb80 WorkerThread "GC Thread#4" [stack: 0x0000004a09700000,0x0000004a09800000] [id=21408]
  0x000001a85f5dde50 WorkerThread "GC Thread#5" [stack: 0x0000004a09800000,0x0000004a09900000] [id=20484]
  0x000001a82e4dd7a0 ConcurrentGCThread "G1 Main Marker" [stack: 0x0000004a08200000,0x0000004a08300000] [id=16664]
  0x000001a85838c0a0 WorkerThread "G1 Conc#0" [stack: 0x0000004a08300000,0x0000004a08400000] [id=14476]
  0x000001a85f9d6c60 WorkerThread "G1 Conc#1" [stack: 0x0000004a07d00000,0x0000004a07e00000] [id=20596]
  0x000001a85841b460 ConcurrentGCThread "G1 Refine#0" [stack: 0x0000004a08400000,0x0000004a08500000] [id=8048]
  0x000001a85841da70 ConcurrentGCThread "G1 Service" [stack: 0x0000004a08500000,0x0000004a08600000] [id=6496]

Threads with active compile tasks:

VM state: at safepoint (normal execution)

VM Mutex/Monitor currently owned by a thread:  ([mutex/lock_event])
[0x000001a82e41dce0] Threads_lock - owner thread: 0x000001a858561d50
[0x000001a82e41e160] Heap_lock - owner thread: 0x000001a82e4dd7a0

Heap address: 0x0000000600000000, size: 8192 MB, Compressed Oops mode: Zero based, Oop shift amount: 3

CDS archive(s) mapped at: [0x0000000800000000-0x0000000800c40000-0x0000000800c40000), size 12845056, SharedBaseAddress: 0x0000000800000000, ArchiveRelocationMode: 0.
Compressed class space mapped at: 0x0000000801000000-0x0000000841000000, reserved size: 1073741824
Narrow klass base: 0x0000000800000000, Narrow klass shift: 0, Narrow klass range: 0x100000000

GC Precious Log:
 CardTable entry size: 512
 Card Set container configuration: InlinePtr #cards 4 size 8 Array Of Cards #cards 32 size 80 Howl #buckets 8 coarsen threshold 7372 Howl Bitmap #cards 1024 size 144 coarsen threshold 921 Card regions per heap region 1 cards per card region 8192
 CPUs: 6 total, 6 available
 Memory: 16211M
 Large Page Support: Disabled
 NUMA Support: Disabled
 Compressed Oops: Enabled (Zero based)
 Heap Region Size: 4M
 Heap Min Capacity: 512M
 Heap Initial Capacity: 512M
 Heap Max Capacity: 8G
 Pre-touch: Disabled
 Parallel Workers: 6
 Concurrent Workers: 2
 Concurrent Refinement Workers: 6
 Periodic GC: Disabled

Heap:
 garbage-first heap   total 7946240K, used 6618840K [0x0000000600000000, 0x0000000800000000)
  region size 4096K, 286 young (1171456K), 19 survivors (77824K)
 Metaspace       used 13675K, committed 14144K, reserved 1114112K
  class space    used 1562K, committed 1792K, reserved 1048576K

Heap Regions: E=young(eden), S=young(survivor), O=old, HS=humongous(starts), HC=humongous(continues), CS=collection set, F=free, OA=open archive, CA=closed archive, TAMS=top-at-mark-start (previous, next)
|   0|0x0000000600000000, 0x0000000600400000, 0x0000000600400000|100%| O|  |TAMS 0x0000000600400000, 0x0000000600000000| Untracked 
|   1|0x0000000600400000, 0x0000000600800000, 0x0000000600800000|100%| O|  |TAMS 0x0000000600800000, 0x0000000600400000| Untracked 
|   2|0x0000000600800000, 0x0000000600c00000, 0x0000000600c00000|100%| O|  |TAMS 0x0000000600c00000, 0x0000000600800000| Untracked 
|   3|0x0000000600c00000, 0x0000000601000000, 0x0000000601000000|100%| O|  |TAMS 0x0000000601000000, 0x0000000600c00000| Untracked 
|   4|0x0000000601000000, 0x0000000601400000, 0x0000000601400000|100%| O|  |TAMS 0x0000000601400000, 0x0000000601000000| Untracked 
|   5|0x0000000601400000, 0x0000000601800000, 0x0000000601800000|100%| O|  |TAMS 0x0000000601800000, 0x0000000601400000| Untracked 
|   6|0x0000000601800000, 0x0000000601c00000, 0x0000000601c00000|100%| O|  |TAMS 0x0000000601c00000, 0x0000000601800000| Untracked 
|   7|0x0000000601c00000, 0x0000000602000000, 0x0000000602000000|100%| O|  |TAMS 0x0000000602000000, 0x0000000601c00000| Untracked 
|   8|0x0000000602000000, 0x0000000602400000, 0x0000000602400000|100%| O|  |TAMS 0x0000000602400000, 0x0000000602000000| Untracked 
|   9|0x0000000602400000, 0x0000000602800000, 0x0000000602800000|100%| O|  |TAMS 0x0000000602800000, 0x0000000602400000| Untracked 
|  10|0x0000000602800000, 0x0000000602c00000, 0x0000000602c00000|100%| O|  |TAMS 0x0000000602c00000, 0x0000000602800000| Untracked 
|  11|0x0000000602c00000, 0x0000000603000000, 0x0000000603000000|100%| O|  |TAMS 0x0000000603000000, 0x0000000602c00000| Untracked 
|  12|0x0000000603000000, 0x0000000603400000, 0x0000000603400000|100%| O|  |TAMS 0x0000000603400000, 0x0000000603000000| Untracked 
|  13|0x0000000603400000, 0x0000000603800000, 0x0000000603800000|100%| O|  |TAMS 0x0000000603800000, 0x0000000603400000| Untracked 
|  14|0x0000000603800000, 0x0000000603c00000, 0x0000000603c00000|100%| O|  |TAMS 0x0000000603c00000, 0x0000000603800000| Untracked 
|  15|0x0000000603c00000, 0x0000000604000000, 0x0000000604000000|100%| O|  |TAMS 0x0000000604000000, 0x0000000603c00000| Untracked 
|  16|0x0000000604000000, 0x0000000604400000, 0x0000000604400000|100%| O|  |TAMS 0x0000000604400000, 0x0000000604000000| Untracked 
|  17|0x0000000604400000, 0x0000000604800000, 0x0000000604800000|100%| O|  |TAMS 0x0000000604800000, 0x0000000604400000| Untracked 
|  18|0x0000000604800000, 0x0000000604c00000, 0x0000000604c00000|100%| O|  |TAMS 0x0000000604c00000, 0x0000000604800000| Untracked 
|  19|0x0000000604c00000, 0x0000000605000000, 0x0000000605000000|100%| O|  |TAMS 0x0000000605000000, 0x0000000604c00000| Untracked 
|  20|0x0000000605000000, 0x0000000605400000, 0x0000000605400000|100%| O|  |TAMS 0x0000000605400000, 0x0000000605000000| Untracked 
|  21|0x0000000605400000, 0x0000000605800000, 0x0000000605800000|100%| O|  |TAMS 0x0000000605800000, 0x0000000605400000| Untracked 
|  22|0x0000000605800000, 0x0000000605c00000, 0x0000000605c00000|100%| O|  |TAMS 0x0000000605c00000, 0x0000000605800000| Untracked 
|  23|0x0000000605c00000, 0x0000000606000000, 0x0000000606000000|100%| O|  |TAMS 0x0000000606000000, 0x0000000605c00000| Untracked 
|  24|0x0000000606000000, 0x0000000606400000, 0x0000000606400000|100%| O|  |TAMS 0x0000000606400000, 0x0000000606000000| Updating 
|  25|0x0000000606400000, 0x0000000606800000, 0x0000000606800000|100%| O|  |TAMS 0x0000000606800000, 0x0000000606400000| Updating 
|  26|0x0000000606800000, 0x0000000606c00000, 0x0000000606c00000|100%| O|  |TAMS 0x0000000606c00000, 0x0000000606800000| Updating 
|  27|0x0000000606c00000, 0x0000000607000000, 0x0000000607000000|100%| O|  |TAMS 0x0000000607000000, 0x0000000606c00000| Updating 
|  28|0x0000000607000000, 0x0000000607400000, 0x0000000607400000|100%| O|  |TAMS 0x0000000607400000, 0x0000000607000000| Updating 
|  29|0x0000000607400000, 0x0000000607800000, 0x0000000607800000|100%| O|  |TAMS 0x0000000607800000, 0x0000000607400000| Updating 
|  30|0x0000000607800000, 0x0000000607c00000, 0x0000000607c00000|100%| O|  |TAMS 0x0000000607c00000, 0x0000000607800000| Updating 
|  31|0x0000000607c00000, 0x0000000608000000, 0x0000000608000000|100%| O|  |TAMS 0x0000000608000000, 0x0000000607c00000| Untracked 
|  32|0x0000000608000000, 0x0000000608400000, 0x0000000608400000|100%| O|  |TAMS 0x0000000608400000, 0x0000000608000000| Untracked 
|  33|0x0000000608400000, 0x0000000608800000, 0x0000000608800000|100%| O|  |TAMS 0x0000000608800000, 0x0000000608400000| Untracked 
|  34|0x0000000608800000, 0x0000000608c00000, 0x0000000608c00000|100%| O|  |TAMS 0x0000000608c00000, 0x0000000608800000| Untracked 
|  35|0x0000000608c00000, 0x0000000609000000, 0x0000000609000000|100%| O|  |TAMS 0x0000000609000000, 0x0000000608c00000| Untracked 
|  36|0x0000000609000000, 0x0000000609400000, 0x0000000609400000|100%| O|  |TAMS 0x0000000609400000, 0x0000000609000000| Untracked 
|  37|0x0000000609400000, 0x0000000609800000, 0x0000000609800000|100%| O|  |TAMS 0x0000000609800000, 0x0000000609400000| Untracked 
|  38|0x0000000609800000, 0x0000000609c00000, 0x0000000609c00000|100%| O|  |TAMS 0x0000000609c00000, 0x0000000609800000| Untracked 
|  39|0x0000000609c00000, 0x000000060a000000, 0x000000060a000000|100%| O|  |TAMS 0x000000060a000000, 0x0000000609c00000| Untracked 
|  40|0x000000060a000000, 0x000000060a400000, 0x000000060a400000|100%| O|  |TAMS 0x000000060a400000, 0x000000060a000000| Untracked 
|  41|0x000000060a400000, 0x000000060a800000, 0x000000060a800000|100%| O|  |TAMS 0x000000060a800000, 0x000000060a400000| Untracked 
|  42|0x000000060a800000, 0x000000060ac00000, 0x000000060ac00000|100%| O|  |TAMS 0x000000060ac00000, 0x000000060a800000| Untracked 
|  43|0x000000060ac00000, 0x000000060b000000, 0x000000060b000000|100%| O|  |TAMS 0x000000060b000000, 0x000000060ac00000| Untracked 
|  44|0x000000060b000000, 0x000000060b400000, 0x000000060b400000|100%| O|  |TAMS 0x000000060b400000, 0x000000060b000000| Untracked 
|  45|0x000000060b400000, 0x000000060b800000, 0x000000060b800000|100%| O|  |TAMS 0x000000060b800000, 0x000000060b400000| Untracked 
|  46|0x000000060b800000, 0x000000060bc00000, 0x000000060bc00000|100%| O|  |TAMS 0x000000060bc00000, 0x000000060b800000| Untracked 
|  47|0x000000060bc00000, 0x000000060c000000, 0x000000060c000000|100%| O|  |TAMS 0x000000060c000000, 0x000000060bc00000| Untracked 
|  48|0x000000060c000000, 0x000000060c400000, 0x000000060c400000|100%| O|  |TAMS 0x000000060c400000, 0x000000060c000000| Untracked 
|  49|0x000000060c400000, 0x000000060c800000, 0x000000060c800000|100%| O|  |TAMS 0x000000060c800000, 0x000000060c400000| Untracked 
|  50|0x000000060c800000, 0x000000060cc00000, 0x000000060cc00000|100%| O|  |TAMS 0x000000060cc00000, 0x000000060c800000| Untracked 
|  51|0x000000060cc00000, 0x000000060d000000, 0x000000060d000000|100%| O|  |TAMS 0x000000060d000000, 0x000000060cc00000| Untracked 
|  52|0x000000060d000000, 0x000000060d400000, 0x000000060d400000|100%| O|  |TAMS 0x000000060d400000, 0x000000060d000000| Untracked 
|  53|0x000000060d400000, 0x000000060d800000, 0x000000060d800000|100%| O|  |TAMS 0x000000060d800000, 0x000000060d400000| Untracked 
|  54|0x000000060d800000, 0x000000060dc00000, 0x000000060dc00000|100%| O|  |TAMS 0x000000060dc00000, 0x000000060d800000| Untracked 
|  55|0x000000060dc00000, 0x000000060e000000, 0x000000060e000000|100%| O|  |TAMS 0x000000060e000000, 0x000000060dc00000| Untracked 
|  56|0x000000060e000000, 0x000000060e400000, 0x000000060e400000|100%| O|  |TAMS 0x000000060e400000, 0x000000060e000000| Untracked 
|  57|0x000000060e400000, 0x000000060e800000, 0x000000060e800000|100%| O|  |TAMS 0x000000060e800000, 0x000000060e400000| Untracked 
|  58|0x000000060e800000, 0x000000060ec00000, 0x000000060ec00000|100%| O|  |TAMS 0x000000060ec00000, 0x000000060e800000| Untracked 
|  59|0x000000060ec00000, 0x000000060f000000, 0x000000060f000000|100%| O|  |TAMS 0x000000060f000000, 0x000000060ec00000| Untracked 
|  60|0x000000060f000000, 0x000000060f400000, 0x000000060f400000|100%| O|  |TAMS 0x000000060f400000, 0x000000060f000000| Untracked 
|  61|0x000000060f400000, 0x000000060f800000, 0x000000060f800000|100%| O|  |TAMS 0x000000060f800000, 0x000000060f400000| Untracked 
|  62|0x000000060f800000, 0x000000060fc00000, 0x000000060fc00000|100%| O|  |TAMS 0x000000060fc00000, 0x000000060f800000| Untracked 
|  63|0x000000060fc00000, 0x0000000610000000, 0x0000000610000000|100%| O|  |TAMS 0x0000000610000000, 0x000000060fc00000| Untracked 
|  64|0x0000000610000000, 0x0000000610400000, 0x0000000610400000|100%| O|  |TAMS 0x0000000610400000, 0x0000000610000000| Untracked 
|  65|0x0000000610400000, 0x0000000610800000, 0x0000000610800000|100%| O|  |TAMS 0x0000000610800000, 0x0000000610400000| Untracked 
|  66|0x0000000610800000, 0x0000000610c00000, 0x0000000610c00000|100%| O|  |TAMS 0x0000000610c00000, 0x0000000610800000| Untracked 
|  67|0x0000000610c00000, 0x0000000611000000, 0x0000000611000000|100%| O|  |TAMS 0x0000000611000000, 0x0000000610c00000| Untracked 
|  68|0x0000000611000000, 0x0000000611400000, 0x0000000611400000|100%| O|  |TAMS 0x0000000611400000, 0x0000000611000000| Untracked 
|  69|0x0000000611400000, 0x0000000611800000, 0x0000000611800000|100%| O|  |TAMS 0x0000000611800000, 0x0000000611400000| Untracked 
|  70|0x0000000611800000, 0x0000000611c00000, 0x0000000611c00000|100%| O|  |TAMS 0x0000000611c00000, 0x0000000611800000| Untracked 
|  71|0x0000000611c00000, 0x0000000612000000, 0x0000000612000000|100%| O|  |TAMS 0x0000000612000000, 0x0000000611c00000| Untracked 
|  72|0x0000000612000000, 0x0000000612400000, 0x0000000612400000|100%| O|  |TAMS 0x0000000612400000, 0x0000000612000000| Untracked 
|  73|0x0000000612400000, 0x0000000612800000, 0x0000000612800000|100%| O|  |TAMS 0x0000000612800000, 0x0000000612400000| Untracked 
|  74|0x0000000612800000, 0x0000000612c00000, 0x0000000612c00000|100%| O|  |TAMS 0x0000000612c00000, 0x0000000612800000| Untracked 
|  75|0x0000000612c00000, 0x0000000613000000, 0x0000000613000000|100%| O|  |TAMS 0x0000000613000000, 0x0000000612c00000| Untracked 
|  76|0x0000000613000000, 0x0000000613400000, 0x0000000613400000|100%| O|  |TAMS 0x0000000613400000, 0x0000000613000000| Untracked 
|  77|0x0000000613400000, 0x0000000613800000, 0x0000000613800000|100%| O|  |TAMS 0x0000000613800000, 0x0000000613400000| Untracked 
|  78|0x0000000613800000, 0x0000000613c00000, 0x0000000613c00000|100%| O|  |TAMS 0x0000000613c00000, 0x0000000613800000| Untracked 
|  79|0x0000000613c00000, 0x0000000614000000, 0x0000000614000000|100%| O|  |TAMS 0x0000000614000000, 0x0000000613c00000| Untracked 
|  80|0x0000000614000000, 0x0000000614400000, 0x0000000614400000|100%| O|  |TAMS 0x0000000614400000, 0x0000000614000000| Untracked 
|  81|0x0000000614400000, 0x0000000614800000, 0x0000000614800000|100%| O|  |TAMS 0x0000000614800000, 0x0000000614400000| Untracked 
|  82|0x0000000614800000, 0x0000000614c00000, 0x0000000614c00000|100%| O|  |TAMS 0x0000000614c00000, 0x0000000614800000| Untracked 
|  83|0x0000000614c00000, 0x0000000615000000, 0x0000000615000000|100%| O|  |TAMS 0x0000000615000000, 0x0000000614c00000| Untracked 
|  84|0x0000000615000000, 0x0000000615400000, 0x0000000615400000|100%| O|  |TAMS 0x0000000615400000, 0x0000000615000000| Untracked 
|  85|0x0000000615400000, 0x0000000615800000, 0x0000000615800000|100%| O|  |TAMS 0x0000000615800000, 0x0000000615400000| Untracked 
|  86|0x0000000615800000, 0x0000000615c00000, 0x0000000615c00000|100%| O|  |TAMS 0x0000000615c00000, 0x0000000615800000| Untracked 
|  87|0x0000000615c00000, 0x0000000616000000, 0x0000000616000000|100%| O|  |TAMS 0x0000000616000000, 0x0000000615c00000| Untracked 
|  88|0x0000000616000000, 0x0000000616400000, 0x0000000616400000|100%| O|  |TAMS 0x0000000616400000, 0x0000000616000000| Untracked 
|  89|0x0000000616400000, 0x0000000616800000, 0x0000000616800000|100%| O|  |TAMS 0x0000000616800000, 0x0000000616400000| Untracked 
|  90|0x0000000616800000, 0x0000000616c00000, 0x0000000616c00000|100%| O|  |TAMS 0x0000000616c00000, 0x0000000616800000| Untracked 
|  91|0x0000000616c00000, 0x0000000617000000, 0x0000000617000000|100%| O|  |TAMS 0x0000000617000000, 0x0000000616c00000| Untracked 
|  92|0x0000000617000000, 0x0000000617400000, 0x0000000617400000|100%| O|  |TAMS 0x0000000617400000, 0x0000000617000000| Untracked 
|  93|0x0000000617400000, 0x0000000617800000, 0x0000000617800000|100%| O|  |TAMS 0x0000000617800000, 0x0000000617400000| Untracked 
|  94|0x0000000617800000, 0x0000000617c00000, 0x0000000617c00000|100%| O|  |TAMS 0x0000000617c00000, 0x0000000617800000| Updating 
|  95|0x0000000617c00000, 0x0000000618000000, 0x0000000618000000|100%| O|  |TAMS 0x0000000618000000, 0x0000000617c00000| Updating 
|  96|0x0000000618000000, 0x0000000618400000, 0x0000000618400000|100%| O|  |TAMS 0x0000000618400000, 0x0000000618000000| Updating 
|  97|0x0000000618400000, 0x0000000618800000, 0x0000000618800000|100%| O|  |TAMS 0x0000000618800000, 0x0000000618400000| Updating 
|  98|0x0000000618800000, 0x0000000618c00000, 0x0000000618c00000|100%| O|  |TAMS 0x0000000618c00000, 0x0000000618800000| Untracked 
|  99|0x0000000618c00000, 0x0000000619000000, 0x0000000619000000|100%| O|  |TAMS 0x0000000619000000, 0x0000000618c00000| Untracked 
| 100|0x0000000619000000, 0x0000000619400000, 0x0000000619400000|100%| O|  |TAMS 0x0000000619400000, 0x0000000619000000| Untracked 
| 101|0x0000000619400000, 0x0000000619800000, 0x0000000619800000|100%| O|  |TAMS 0x0000000619800000, 0x0000000619400000| Untracked 
| 102|0x0000000619800000, 0x0000000619c00000, 0x0000000619c00000|100%| O|  |TAMS 0x0000000619c00000, 0x0000000619800000| Untracked 
| 103|0x0000000619c00000, 0x000000061a000000, 0x000000061a000000|100%| O|  |TAMS 0x000000061a000000, 0x0000000619c00000| Untracked 
| 104|0x000000061a000000, 0x000000061a400000, 0x000000061a400000|100%| O|  |TAMS 0x000000061a400000, 0x000000061a000000| Untracked 
| 105|0x000000061a400000, 0x000000061a800000, 0x000000061a800000|100%| O|  |TAMS 0x000000061a800000, 0x000000061a400000| Untracked 
| 106|0x000000061a800000, 0x000000061ac00000, 0x000000061ac00000|100%| O|  |TAMS 0x000000061ac00000, 0x000000061a800000| Untracked 
| 107|0x000000061ac00000, 0x000000061b000000, 0x000000061b000000|100%| O|  |TAMS 0x000000061b000000, 0x000000061ac00000| Untracked 
| 108|0x000000061b000000, 0x000000061b400000, 0x000000061b400000|100%| O|  |TAMS 0x000000061b400000, 0x000000061b000000| Untracked 
| 109|0x000000061b400000, 0x000000061b800000, 0x000000061b800000|100%| O|  |TAMS 0x000000061b800000, 0x000000061b400000| Untracked 
| 110|0x000000061b800000, 0x000000061bc00000, 0x000000061bc00000|100%| O|  |TAMS 0x000000061bc00000, 0x000000061b800000| Untracked 
| 111|0x000000061bc00000, 0x000000061c000000, 0x000000061c000000|100%| O|  |TAMS 0x000000061c000000, 0x000000061bc00000| Untracked 
| 112|0x000000061c000000, 0x000000061c400000, 0x000000061c400000|100%| O|  |TAMS 0x000000061c400000, 0x000000061c000000| Untracked 
| 113|0x000000061c400000, 0x000000061c800000, 0x000000061c800000|100%| O|  |TAMS 0x000000061c800000, 0x000000061c400000| Untracked 
| 114|0x000000061c800000, 0x000000061cc00000, 0x000000061cc00000|100%| O|  |TAMS 0x000000061cc00000, 0x000000061c800000| Untracked 
| 115|0x000000061cc00000, 0x000000061d000000, 0x000000061d000000|100%| O|  |TAMS 0x000000061d000000, 0x000000061cc00000| Untracked 
| 116|0x000000061d000000, 0x000000061d400000, 0x000000061d400000|100%| O|  |TAMS 0x000000061d400000, 0x000000061d000000| Untracked 
| 117|0x000000061d400000, 0x000000061d800000, 0x000000061d800000|100%| O|  |TAMS 0x000000061d800000, 0x000000061d400000| Untracked 
| 118|0x000000061d800000, 0x000000061dc00000, 0x000000061dc00000|100%| O|  |TAMS 0x000000061dc00000, 0x000000061d800000| Untracked 
| 119|0x000000061dc00000, 0x000000061e000000, 0x000000061e000000|100%| O|  |TAMS 0x000000061e000000, 0x000000061dc00000| Untracked 
| 120|0x000000061e000000, 0x000000061e400000, 0x000000061e400000|100%| O|  |TAMS 0x000000061e400000, 0x000000061e000000| Untracked 
| 121|0x000000061e400000, 0x000000061e800000, 0x000000061e800000|100%| O|  |TAMS 0x000000061e800000, 0x000000061e400000| Updating 
| 122|0x000000061e800000, 0x000000061ec00000, 0x000000061ec00000|100%| O|  |TAMS 0x000000061ec00000, 0x000000061e800000| Updating 
| 123|0x000000061ec00000, 0x000000061f000000, 0x000000061f000000|100%| O|  |TAMS 0x000000061f000000, 0x000000061ec00000| Untracked 
| 124|0x000000061f000000, 0x000000061f400000, 0x000000061f400000|100%| O|  |TAMS 0x000000061f400000, 0x000000061f000000| Updating 
| 125|0x000000061f400000, 0x000000061f800000, 0x000000061f800000|100%| O|  |TAMS 0x000000061f800000, 0x000000061f400000| Untracked 
| 126|0x000000061f800000, 0x000000061fc00000, 0x000000061fc00000|100%| O|  |TAMS 0x000000061fc00000, 0x000000061f800000| Untracked 
| 127|0x000000061fc00000, 0x0000000620000000, 0x0000000620000000|100%| O|  |TAMS 0x0000000620000000, 0x000000061fc00000| Untracked 
| 128|0x0000000620000000, 0x0000000620400000, 0x0000000620400000|100%| O|  |TAMS 0x0000000620400000, 0x0000000620000000| Untracked 
| 129|0x0000000620400000, 0x0000000620800000, 0x0000000620800000|100%| O|  |TAMS 0x0000000620800000, 0x0000000620400000| Untracked 
| 130|0x0000000620800000, 0x0000000620c00000, 0x0000000620c00000|100%| O|  |TAMS 0x0000000620c00000, 0x0000000620800000| Updating 
| 131|0x0000000620c00000, 0x0000000621000000, 0x0000000621000000|100%| O|  |TAMS 0x0000000621000000, 0x0000000620c00000| Updating 
| 132|0x0000000621000000, 0x0000000621400000, 0x0000000621400000|100%| O|  |TAMS 0x0000000621400000, 0x0000000621000000| Updating 
| 133|0x0000000621400000, 0x0000000621800000, 0x0000000621800000|100%| O|  |TAMS 0x0000000621800000, 0x0000000621400000| Untracked 
| 134|0x0000000621800000, 0x0000000621c00000, 0x0000000621c00000|100%| O|  |TAMS 0x0000000621c00000, 0x0000000621800000| Untracked 
| 135|0x0000000621c00000, 0x0000000622000000, 0x0000000622000000|100%| O|  |TAMS 0x0000000622000000, 0x0000000621c00000| Updating 
| 136|0x0000000622000000, 0x0000000622400000, 0x0000000622400000|100%| O|  |TAMS 0x0000000622400000, 0x0000000622000000| Untracked 
| 137|0x0000000622400000, 0x0000000622800000, 0x0000000622800000|100%| O|  |TAMS 0x0000000622800000, 0x0000000622400000| Untracked 
| 138|0x0000000622800000, 0x0000000622c00000, 0x0000000622c00000|100%| O|  |TAMS 0x0000000622c00000, 0x0000000622800000| Untracked 
| 139|0x0000000622c00000, 0x0000000623000000, 0x0000000623000000|100%| O|  |TAMS 0x0000000623000000, 0x0000000622c00000| Untracked 
| 140|0x0000000623000000, 0x0000000623400000, 0x0000000623400000|100%| O|  |TAMS 0x0000000623400000, 0x0000000623000000| Untracked 
| 141|0x0000000623400000, 0x0000000623800000, 0x0000000623800000|100%| O|  |TAMS 0x0000000623800000, 0x0000000623400000| Untracked 
| 142|0x0000000623800000, 0x0000000623c00000, 0x0000000623c00000|100%| O|  |TAMS 0x0000000623c00000, 0x0000000623800000| Untracked 
| 143|0x0000000623c00000, 0x0000000624000000, 0x0000000624000000|100%| O|  |TAMS 0x0000000624000000, 0x0000000623c00000| Untracked 
| 144|0x0000000624000000, 0x0000000624400000, 0x0000000624400000|100%| O|  |TAMS 0x0000000624400000, 0x0000000624000000| Untracked 
| 145|0x0000000624400000, 0x0000000624800000, 0x0000000624800000|100%| O|  |TAMS 0x0000000624800000, 0x0000000624400000| Untracked 
| 146|0x0000000624800000, 0x0000000624c00000, 0x0000000624c00000|100%| O|  |TAMS 0x0000000624c00000, 0x0000000624800000| Untracked 
| 147|0x0000000624c00000, 0x0000000625000000, 0x0000000625000000|100%| O|  |TAMS 0x0000000625000000, 0x0000000624c00000| Untracked 
| 148|0x0000000625000000, 0x00000006253ffff8, 0x0000000625400000| 99%| O|  |TAMS 0x00000006253ffff8, 0x0000000625000000| Untracked 
| 149|0x0000000625400000, 0x0000000625800000, 0x0000000625800000|100%| O|  |TAMS 0x0000000625800000, 0x0000000625400000| Untracked 
| 150|0x0000000625800000, 0x0000000625c00000, 0x0000000625c00000|100%| O|  |TAMS 0x0000000625c00000, 0x0000000625800000| Untracked 
| 151|0x0000000625c00000, 0x0000000626000000, 0x0000000626000000|100%| O|  |TAMS 0x0000000626000000, 0x0000000625c00000| Untracked 
| 152|0x0000000626000000, 0x0000000626400000, 0x0000000626400000|100%| O|  |TAMS 0x0000000626400000, 0x0000000626000000| Untracked 
| 153|0x0000000626400000, 0x0000000626800000, 0x0000000626800000|100%| O|  |TAMS 0x0000000626800000, 0x0000000626400000| Untracked 
| 154|0x0000000626800000, 0x0000000626c00000, 0x0000000626c00000|100%| O|  |TAMS 0x0000000626c00000, 0x0000000626800000| Untracked 
| 155|0x0000000626c00000, 0x0000000627000000, 0x0000000627000000|100%| O|  |TAMS 0x0000000627000000, 0x0000000626c00000| Untracked 
| 156|0x0000000627000000, 0x0000000627400000, 0x0000000627400000|100%| O|  |TAMS 0x0000000627400000, 0x0000000627000000| Untracked 
| 157|0x0000000627400000, 0x0000000627800000, 0x0000000627800000|100%| O|  |TAMS 0x0000000627800000, 0x0000000627400000| Untracked 
| 158|0x0000000627800000, 0x0000000627c00000, 0x0000000627c00000|100%| O|  |TAMS 0x0000000627c00000, 0x0000000627800000| Untracked 
| 159|0x0000000627c00000, 0x0000000628000000, 0x0000000628000000|100%| O|  |TAMS 0x0000000628000000, 0x0000000627c00000| Untracked 
| 160|0x0000000628000000, 0x0000000628400000, 0x0000000628400000|100%| O|  |TAMS 0x0000000628400000, 0x0000000628000000| Untracked 
| 161|0x0000000628400000, 0x0000000628800000, 0x0000000628800000|100%| O|  |TAMS 0x0000000628800000, 0x0000000628400000| Untracked 
| 162|0x0000000628800000, 0x0000000628c00000, 0x0000000628c00000|100%| O|  |TAMS 0x0000000628c00000, 0x0000000628800000| Untracked 
| 163|0x0000000628c00000, 0x0000000629000000, 0x0000000629000000|100%| O|  |TAMS 0x0000000629000000, 0x0000000628c00000| Untracked 
| 164|0x0000000629000000, 0x0000000629400000, 0x0000000629400000|100%| O|  |TAMS 0x0000000629400000, 0x0000000629000000| Untracked 
| 165|0x0000000629400000, 0x0000000629800000, 0x0000000629800000|100%| O|  |TAMS 0x0000000629800000, 0x0000000629400000| Untracked 
| 166|0x0000000629800000, 0x0000000629c00000, 0x0000000629c00000|100%| O|  |TAMS 0x0000000629c00000, 0x0000000629800000| Untracked 
| 167|0x0000000629c00000, 0x000000062a000000, 0x000000062a000000|100%| O|  |TAMS 0x000000062a000000, 0x0000000629c00000| Untracked 
| 168|0x000000062a000000, 0x000000062a400000, 0x000000062a400000|100%| O|  |TAMS 0x000000062a400000, 0x000000062a000000| Untracked 
| 169|0x000000062a400000, 0x000000062a800000, 0x000000062a800000|100%| O|  |TAMS 0x000000062a800000, 0x000000062a400000| Untracked 
| 170|0x000000062a800000, 0x000000062ac00000, 0x000000062ac00000|100%| O|  |TAMS 0x000000062ac00000, 0x000000062a800000| Untracked 
| 171|0x000000062ac00000, 0x000000062b000000, 0x000000062b000000|100%| O|  |TAMS 0x000000062b000000, 0x000000062ac00000| Untracked 
| 172|0x000000062b000000, 0x000000062b400000, 0x000000062b400000|100%| O|  |TAMS 0x000000062b400000, 0x000000062b000000| Untracked 
| 173|0x000000062b400000, 0x000000062b800000, 0x000000062b800000|100%| O|  |TAMS 0x000000062b800000, 0x000000062b400000| Untracked 
| 174|0x000000062b800000, 0x000000062bc00000, 0x000000062bc00000|100%| O|  |TAMS 0x000000062bc00000, 0x000000062b800000| Untracked 
| 175|0x000000062bc00000, 0x000000062c000000, 0x000000062c000000|100%| O|  |TAMS 0x000000062c000000, 0x000000062bc00000| Untracked 
| 176|0x000000062c000000, 0x000000062c400000, 0x000000062c400000|100%| O|  |TAMS 0x000000062c400000, 0x000000062c000000| Untracked 
| 177|0x000000062c400000, 0x000000062c800000, 0x000000062c800000|100%| O|  |TAMS 0x000000062c800000, 0x000000062c400000| Untracked 
| 178|0x000000062c800000, 0x000000062cc00000, 0x000000062cc00000|100%| O|  |TAMS 0x000000062cc00000, 0x000000062c800000| Untracked 
| 179|0x000000062cc00000, 0x000000062d000000, 0x000000062d000000|100%| O|  |TAMS 0x000000062d000000, 0x000000062cc00000| Untracked 
| 180|0x000000062d000000, 0x000000062d400000, 0x000000062d400000|100%| O|  |TAMS 0x000000062d400000, 0x000000062d000000| Untracked 
| 181|0x000000062d400000, 0x000000062d800000, 0x000000062d800000|100%| O|  |TAMS 0x000000062d800000, 0x000000062d400000| Untracked 
| 182|0x000000062d800000, 0x000000062dc00000, 0x000000062dc00000|100%| O|  |TAMS 0x000000062dc00000, 0x000000062d800000| Untracked 
| 183|0x000000062dc00000, 0x000000062e000000, 0x000000062e000000|100%| O|  |TAMS 0x000000062e000000, 0x000000062dc00000| Untracked 
| 184|0x000000062e000000, 0x000000062e400000, 0x000000062e400000|100%| O|  |TAMS 0x000000062e400000, 0x000000062e000000| Updating 
| 185|0x000000062e400000, 0x000000062e800000, 0x000000062e800000|100%| O|  |TAMS 0x000000062e800000, 0x000000062e400000| Untracked 
| 186|0x000000062e800000, 0x000000062ec00000, 0x000000062ec00000|100%| O|  |TAMS 0x000000062ec00000, 0x000000062e800000| Untracked 
| 187|0x000000062ec00000, 0x000000062f000000, 0x000000062f000000|100%| O|  |TAMS 0x000000062f000000, 0x000000062ec00000| Untracked 
| 188|0x000000062f000000, 0x000000062f400000, 0x000000062f400000|100%| O|  |TAMS 0x000000062f400000, 0x000000062f000000| Untracked 
| 189|0x000000062f400000, 0x000000062f800000, 0x000000062f800000|100%| O|  |TAMS 0x000000062f800000, 0x000000062f400000| Untracked 
| 190|0x000000062f800000, 0x000000062fc00000, 0x000000062fc00000|100%| O|  |TAMS 0x000000062fc00000, 0x000000062f800000| Untracked 
| 191|0x000000062fc00000, 0x0000000630000000, 0x0000000630000000|100%| O|  |TAMS 0x0000000630000000, 0x000000062fc00000| Untracked 
| 192|0x0000000630000000, 0x0000000630400000, 0x0000000630400000|100%| O|  |TAMS 0x0000000630400000, 0x0000000630000000| Untracked 
| 193|0x0000000630400000, 0x0000000630800000, 0x0000000630800000|100%| O|  |TAMS 0x0000000630800000, 0x0000000630400000| Untracked 
| 194|0x0000000630800000, 0x0000000630c00000, 0x0000000630c00000|100%| O|  |TAMS 0x0000000630c00000, 0x0000000630800000| Untracked 
| 195|0x0000000630c00000, 0x0000000631000000, 0x0000000631000000|100%| O|  |TAMS 0x0000000631000000, 0x0000000630c00000| Untracked 
| 196|0x0000000631000000, 0x0000000631400000, 0x0000000631400000|100%| O|  |TAMS 0x0000000631400000, 0x0000000631000000| Untracked 
| 197|0x0000000631400000, 0x0000000631800000, 0x0000000631800000|100%| O|  |TAMS 0x0000000631800000, 0x0000000631400000| Untracked 
| 198|0x0000000631800000, 0x0000000631c00000, 0x0000000631c00000|100%| O|  |TAMS 0x0000000631c00000, 0x0000000631800000| Untracked 
| 199|0x0000000631c00000, 0x0000000632000000, 0x0000000632000000|100%| O|  |TAMS 0x0000000632000000, 0x0000000631c00000| Untracked 
| 200|0x0000000632000000, 0x0000000632400000, 0x0000000632400000|100%| O|  |TAMS 0x0000000632400000, 0x0000000632000000| Untracked 
| 201|0x0000000632400000, 0x0000000632800000, 0x0000000632800000|100%| O|  |TAMS 0x0000000632800000, 0x0000000632400000| Untracked 
| 202|0x0000000632800000, 0x0000000632c00000, 0x0000000632c00000|100%| O|  |TAMS 0x0000000632c00000, 0x0000000632800000| Untracked 
| 203|0x0000000632c00000, 0x0000000633000000, 0x0000000633000000|100%| O|  |TAMS 0x0000000633000000, 0x0000000632c00000| Untracked 
| 204|0x0000000633000000, 0x0000000633400000, 0x0000000633400000|100%| O|  |TAMS 0x0000000633400000, 0x0000000633000000| Untracked 
| 205|0x0000000633400000, 0x0000000633800000, 0x0000000633800000|100%| O|  |TAMS 0x0000000633800000, 0x0000000633400000| Untracked 
| 206|0x0000000633800000, 0x0000000633c00000, 0x0000000633c00000|100%| O|  |TAMS 0x0000000633c00000, 0x0000000633800000| Untracked 
| 207|0x0000000633c00000, 0x0000000634000000, 0x0000000634000000|100%| O|  |TAMS 0x0000000634000000, 0x0000000633c00000| Untracked 
| 208|0x0000000634000000, 0x0000000634400000, 0x0000000634400000|100%| O|  |TAMS 0x0000000634400000, 0x0000000634000000| Untracked 
| 209|0x0000000634400000, 0x0000000634800000, 0x0000000634800000|100%| O|  |TAMS 0x0000000634800000, 0x0000000634400000| Untracked 
| 210|0x0000000634800000, 0x0000000634c00000, 0x0000000634c00000|100%| O|  |TAMS 0x0000000634c00000, 0x0000000634800000| Untracked 
| 211|0x0000000634c00000, 0x0000000635000000, 0x0000000635000000|100%| O|  |TAMS 0x0000000635000000, 0x0000000634c00000| Untracked 
| 212|0x0000000635000000, 0x0000000635400000, 0x0000000635400000|100%| O|  |TAMS 0x0000000635400000, 0x0000000635000000| Untracked 
| 213|0x0000000635400000, 0x0000000635800000, 0x0000000635800000|100%| O|  |TAMS 0x0000000635800000, 0x0000000635400000| Untracked 
| 214|0x0000000635800000, 0x0000000635c00000, 0x0000000635c00000|100%| O|  |TAMS 0x0000000635c00000, 0x0000000635800000| Updating 
| 215|0x0000000635c00000, 0x0000000636000000, 0x0000000636000000|100%| O|  |TAMS 0x0000000636000000, 0x0000000635c00000| Updating 
| 216|0x0000000636000000, 0x0000000636400000, 0x0000000636400000|100%| O|  |TAMS 0x0000000636400000, 0x0000000636000000| Updating 
| 217|0x0000000636400000, 0x0000000636800000, 0x0000000636800000|100%| O|  |TAMS 0x0000000636800000, 0x0000000636400000| Updating 
| 218|0x0000000636800000, 0x0000000636c00000, 0x0000000636c00000|100%| O|  |TAMS 0x0000000636c00000, 0x0000000636800000| Untracked 
| 219|0x0000000636c00000, 0x0000000637000000, 0x0000000637000000|100%| O|  |TAMS 0x0000000637000000, 0x0000000636c00000| Untracked 
| 220|0x0000000637000000, 0x0000000637400000, 0x0000000637400000|100%| O|  |TAMS 0x0000000637400000, 0x0000000637000000| Untracked 
| 221|0x0000000637400000, 0x0000000637800000, 0x0000000637800000|100%| O|  |TAMS 0x0000000637800000, 0x0000000637400000| Untracked 
| 222|0x0000000637800000, 0x0000000637c00000, 0x0000000637c00000|100%| O|  |TAMS 0x0000000637c00000, 0x0000000637800000| Untracked 
| 223|0x0000000637c00000, 0x0000000638000000, 0x0000000638000000|100%| O|  |TAMS 0x0000000638000000, 0x0000000637c00000| Untracked 
| 224|0x0000000638000000, 0x0000000638400000, 0x0000000638400000|100%| O|  |TAMS 0x0000000638400000, 0x0000000638000000| Untracked 
| 225|0x0000000638400000, 0x0000000638800000, 0x0000000638800000|100%| O|  |TAMS 0x0000000638800000, 0x0000000638400000| Untracked 
| 226|0x0000000638800000, 0x0000000638c00000, 0x0000000638c00000|100%| O|  |TAMS 0x0000000638c00000, 0x0000000638800000| Untracked 
| 227|0x0000000638c00000, 0x0000000639000000, 0x0000000639000000|100%| O|  |TAMS 0x0000000639000000, 0x0000000638c00000| Untracked 
| 228|0x0000000639000000, 0x0000000639400000, 0x0000000639400000|100%| O|  |TAMS 0x0000000639400000, 0x0000000639000000| Untracked 
| 229|0x0000000639400000, 0x0000000639800000, 0x0000000639800000|100%| O|  |TAMS 0x0000000639800000, 0x0000000639400000| Untracked 
| 230|0x0000000639800000, 0x0000000639c00000, 0x0000000639c00000|100%| O|  |TAMS 0x0000000639c00000, 0x0000000639800000| Untracked 
| 231|0x0000000639c00000, 0x000000063a000000, 0x000000063a000000|100%| O|  |TAMS 0x000000063a000000, 0x0000000639c00000| Untracked 
| 232|0x000000063a000000, 0x000000063a400000, 0x000000063a400000|100%| O|  |TAMS 0x000000063a400000, 0x000000063a000000| Untracked 
| 233|0x000000063a400000, 0x000000063a800000, 0x000000063a800000|100%| O|  |TAMS 0x000000063a800000, 0x000000063a400000| Untracked 
| 234|0x000000063a800000, 0x000000063ac00000, 0x000000063ac00000|100%| O|  |TAMS 0x000000063ac00000, 0x000000063a800000| Untracked 
| 235|0x000000063ac00000, 0x000000063b000000, 0x000000063b000000|100%| O|  |TAMS 0x000000063b000000, 0x000000063ac00000| Untracked 
| 236|0x000000063b000000, 0x000000063b400000, 0x000000063b400000|100%| O|  |TAMS 0x000000063b400000, 0x000000063b000000| Untracked 
| 237|0x000000063b400000, 0x000000063b800000, 0x000000063b800000|100%| O|  |TAMS 0x000000063b800000, 0x000000063b400000| Untracked 
| 238|0x000000063b800000, 0x000000063bc00000, 0x000000063bc00000|100%| O|  |TAMS 0x000000063bc00000, 0x000000063b800000| Untracked 
| 239|0x000000063bc00000, 0x000000063c000000, 0x000000063c000000|100%| O|  |TAMS 0x000000063c000000, 0x000000063bc00000| Untracked 
| 240|0x000000063c000000, 0x000000063c400000, 0x000000063c400000|100%| O|  |TAMS 0x000000063c400000, 0x000000063c000000| Untracked 
| 241|0x000000063c400000, 0x000000063c800000, 0x000000063c800000|100%| O|  |TAMS 0x000000063c800000, 0x000000063c400000| Untracked 
| 242|0x000000063c800000, 0x000000063cc00000, 0x000000063cc00000|100%| O|  |TAMS 0x000000063cc00000, 0x000000063c800000| Untracked 
| 243|0x000000063cc00000, 0x000000063d000000, 0x000000063d000000|100%| O|  |TAMS 0x000000063d000000, 0x000000063cc00000| Untracked 
| 244|0x000000063d000000, 0x000000063d400000, 0x000000063d400000|100%| O|  |TAMS 0x000000063d400000, 0x000000063d000000| Untracked 
| 245|0x000000063d400000, 0x000000063d800000, 0x000000063d800000|100%| O|  |TAMS 0x000000063d800000, 0x000000063d400000| Untracked 
| 246|0x000000063d800000, 0x000000063dc00000, 0x000000063dc00000|100%| O|  |TAMS 0x000000063dc00000, 0x000000063d800000| Updating 
| 247|0x000000063dc00000, 0x000000063e000000, 0x000000063e000000|100%| O|  |TAMS 0x000000063e000000, 0x000000063dc00000| Updating 
| 248|0x000000063e000000, 0x000000063e400000, 0x000000063e400000|100%| O|  |TAMS 0x000000063e400000, 0x000000063e000000| Updating 
| 249|0x000000063e400000, 0x000000063e800000, 0x000000063e800000|100%| O|  |TAMS 0x000000063e800000, 0x000000063e400000| Updating 
| 250|0x000000063e800000, 0x000000063ec00000, 0x000000063ec00000|100%| O|  |TAMS 0x000000063ec00000, 0x000000063e800000| Untracked 
| 251|0x000000063ec00000, 0x000000063f000000, 0x000000063f000000|100%| O|  |TAMS 0x000000063f000000, 0x000000063ec00000| Untracked 
| 252|0x000000063f000000, 0x000000063f400000, 0x000000063f400000|100%| O|  |TAMS 0x000000063f400000, 0x000000063f000000| Untracked 
| 253|0x000000063f400000, 0x000000063f800000, 0x000000063f800000|100%| O|  |TAMS 0x000000063f800000, 0x000000063f400000| Untracked 
| 254|0x000000063f800000, 0x000000063fc00000, 0x000000063fc00000|100%| O|  |TAMS 0x000000063fc00000, 0x000000063f800000| Untracked 
| 255|0x000000063fc00000, 0x0000000640000000, 0x0000000640000000|100%| O|  |TAMS 0x0000000640000000, 0x000000063fc00000| Untracked 
| 256|0x0000000640000000, 0x0000000640400000, 0x0000000640400000|100%| O|  |TAMS 0x0000000640400000, 0x0000000640000000| Untracked 
| 257|0x0000000640400000, 0x0000000640800000, 0x0000000640800000|100%| O|  |TAMS 0x0000000640800000, 0x0000000640400000| Untracked 
| 258|0x0000000640800000, 0x0000000640c00000, 0x0000000640c00000|100%| O|  |TAMS 0x0000000640c00000, 0x0000000640800000| Untracked 
| 259|0x0000000640c00000, 0x0000000641000000, 0x0000000641000000|100%| O|  |TAMS 0x0000000641000000, 0x0000000640c00000| Untracked 
| 260|0x0000000641000000, 0x0000000641400000, 0x0000000641400000|100%| O|  |TAMS 0x0000000641400000, 0x0000000641000000| Untracked 
| 261|0x0000000641400000, 0x0000000641800000, 0x0000000641800000|100%| O|  |TAMS 0x0000000641800000, 0x0000000641400000| Untracked 
| 262|0x0000000641800000, 0x0000000641c00000, 0x0000000641c00000|100%| O|  |TAMS 0x0000000641c00000, 0x0000000641800000| Untracked 
| 263|0x0000000641c00000, 0x0000000642000000, 0x0000000642000000|100%| O|  |TAMS 0x0000000642000000, 0x0000000641c00000| Untracked 
| 264|0x0000000642000000, 0x0000000642400000, 0x0000000642400000|100%| O|  |TAMS 0x0000000642400000, 0x0000000642000000| Untracked 
| 265|0x0000000642400000, 0x0000000642800000, 0x0000000642800000|100%| O|  |TAMS 0x0000000642800000, 0x0000000642400000| Untracked 
| 266|0x0000000642800000, 0x0000000642c00000, 0x0000000642c00000|100%| O|  |TAMS 0x0000000642c00000, 0x0000000642800000| Updating 
| 267|0x0000000642c00000, 0x0000000643000000, 0x0000000643000000|100%| O|  |TAMS 0x0000000643000000, 0x0000000642c00000| Updating 
| 268|0x0000000643000000, 0x0000000643000000, 0x0000000643400000|  0%| F|  |TAMS 0x0000000643000000, 0x0000000643000000| Untracked 
| 269|0x0000000643400000, 0x0000000643800000, 0x0000000643800000|100%| O|  |TAMS 0x0000000643800000, 0x0000000643400000| Updating 
| 270|0x0000000643800000, 0x0000000643c00000, 0x0000000643c00000|100%| O|  |TAMS 0x0000000643c00000, 0x0000000643800000| Untracked 
| 271|0x0000000643c00000, 0x0000000644000000, 0x0000000644000000|100%| O|  |TAMS 0x0000000644000000, 0x0000000643c00000| Untracked 
| 272|0x0000000644000000, 0x0000000644400000, 0x0000000644400000|100%| O|  |TAMS 0x0000000644400000, 0x0000000644000000| Untracked 
| 273|0x0000000644400000, 0x0000000644800000, 0x0000000644800000|100%| O|  |TAMS 0x0000000644800000, 0x0000000644400000| Untracked 
| 274|0x0000000644800000, 0x0000000644c00000, 0x0000000644c00000|100%| O|  |TAMS 0x0000000644c00000, 0x0000000644800000| Untracked 
| 275|0x0000000644c00000, 0x0000000645000000, 0x0000000645000000|100%| O|  |TAMS 0x0000000645000000, 0x0000000644c00000| Untracked 
| 276|0x0000000645000000, 0x0000000645400000, 0x0000000645400000|100%| O|  |TAMS 0x0000000645400000, 0x0000000645000000| Untracked 
| 277|0x0000000645400000, 0x0000000645800000, 0x0000000645800000|100%| O|  |TAMS 0x0000000645800000, 0x0000000645400000| Updating 
| 278|0x0000000645800000, 0x0000000645c00000, 0x0000000645c00000|100%| O|  |TAMS 0x0000000645c00000, 0x0000000645800000| Updating 
| 279|0x0000000645c00000, 0x0000000645c00000, 0x0000000646000000|  0%| F|  |TAMS 0x0000000645c00000, 0x0000000645c00000| Untracked 
| 280|0x0000000646000000, 0x0000000646400000, 0x0000000646400000|100%| O|  |TAMS 0x0000000646400000, 0x0000000646000000| Updating 
| 281|0x0000000646400000, 0x0000000646800000, 0x0000000646800000|100%| O|  |TAMS 0x0000000646800000, 0x0000000646400000| Updating 
| 282|0x0000000646800000, 0x0000000646c00000, 0x0000000646c00000|100%| O|  |TAMS 0x0000000646c00000, 0x0000000646800000| Updating 
| 283|0x0000000646c00000, 0x0000000647000000, 0x0000000647000000|100%| O|  |TAMS 0x0000000647000000, 0x0000000646c00000| Updating 
| 284|0x0000000647000000, 0x0000000647400000, 0x0000000647400000|100%| O|  |TAMS 0x0000000647400000, 0x0000000647000000| Untracked 
| 285|0x0000000647400000, 0x0000000647800000, 0x0000000647800000|100%| O|  |TAMS 0x0000000647800000, 0x0000000647400000| Untracked 
| 286|0x0000000647800000, 0x0000000647c00000, 0x0000000647c00000|100%| O|  |TAMS 0x0000000647c00000, 0x0000000647800000| Untracked 
| 287|0x0000000647c00000, 0x0000000648000000, 0x0000000648000000|100%| O|  |TAMS 0x0000000648000000, 0x0000000647c00000| Untracked 
| 288|0x0000000648000000, 0x0000000648400000, 0x0000000648400000|100%| O|  |TAMS 0x0000000648400000, 0x0000000648000000| Untracked 
| 289|0x0000000648400000, 0x0000000648800000, 0x0000000648800000|100%| O|  |TAMS 0x0000000648800000, 0x0000000648400000| Untracked 
| 290|0x0000000648800000, 0x0000000648c00000, 0x0000000648c00000|100%| O|  |TAMS 0x0000000648c00000, 0x0000000648800000| Untracked 
| 291|0x0000000648c00000, 0x0000000649000000, 0x0000000649000000|100%| O|  |TAMS 0x0000000649000000, 0x0000000648c00000| Untracked 
| 292|0x0000000649000000, 0x0000000649400000, 0x0000000649400000|100%| O|  |TAMS 0x0000000649400000, 0x0000000649000000| Untracked 
| 293|0x0000000649400000, 0x0000000649800000, 0x0000000649800000|100%| O|  |TAMS 0x0000000649800000, 0x0000000649400000| Untracked 
| 294|0x0000000649800000, 0x0000000649c00000, 0x0000000649c00000|100%| O|  |TAMS 0x0000000649c00000, 0x0000000649800000| Untracked 
| 295|0x0000000649c00000, 0x000000064a000000, 0x000000064a000000|100%| O|  |TAMS 0x000000064a000000, 0x0000000649c00000| Untracked 
| 296|0x000000064a000000, 0x000000064a400000, 0x000000064a400000|100%| O|  |TAMS 0x000000064a400000, 0x000000064a000000| Updating 
| 297|0x000000064a400000, 0x000000064a800000, 0x000000064a800000|100%| O|  |TAMS 0x000000064a800000, 0x000000064a400000| Updating 
| 298|0x000000064a800000, 0x000000064ac00000, 0x000000064ac00000|100%| O|  |TAMS 0x000000064ac00000, 0x000000064a800000| Updating 
| 299|0x000000064ac00000, 0x000000064b000000, 0x000000064b000000|100%| O|  |TAMS 0x000000064b000000, 0x000000064ac00000| Untracked 
| 300|0x000000064b000000, 0x000000064b400000, 0x000000064b400000|100%| O|  |TAMS 0x000000064b400000, 0x000000064b000000| Untracked 
| 301|0x000000064b400000, 0x000000064b800000, 0x000000064b800000|100%| O|  |TAMS 0x000000064b800000, 0x000000064b400000| Untracked 
| 302|0x000000064b800000, 0x000000064bc00000, 0x000000064bc00000|100%| O|  |TAMS 0x000000064bc00000, 0x000000064b800000| Untracked 
| 303|0x000000064bc00000, 0x000000064c000000, 0x000000064c000000|100%| O|  |TAMS 0x000000064c000000, 0x000000064bc00000| Untracked 
| 304|0x000000064c000000, 0x000000064c400000, 0x000000064c400000|100%| O|  |TAMS 0x000000064c400000, 0x000000064c000000| Untracked 
| 305|0x000000064c400000, 0x000000064c800000, 0x000000064c800000|100%| O|  |TAMS 0x000000064c800000, 0x000000064c400000| Untracked 
| 306|0x000000064c800000, 0x000000064cc00000, 0x000000064cc00000|100%| O|  |TAMS 0x000000064cc00000, 0x000000064c800000| Untracked 
| 307|0x000000064cc00000, 0x000000064d000000, 0x000000064d000000|100%| O|  |TAMS 0x000000064d000000, 0x000000064cc00000| Untracked 
| 308|0x000000064d000000, 0x000000064d400000, 0x000000064d400000|100%| O|  |TAMS 0x000000064d400000, 0x000000064d000000| Untracked 
| 309|0x000000064d400000, 0x000000064d800000, 0x000000064d800000|100%| O|  |TAMS 0x000000064d800000, 0x000000064d400000| Untracked 
| 310|0x000000064d800000, 0x000000064dc00000, 0x000000064dc00000|100%| O|  |TAMS 0x000000064dc00000, 0x000000064d800000| Untracked 
| 311|0x000000064dc00000, 0x000000064e000000, 0x000000064e000000|100%| O|  |TAMS 0x000000064e000000, 0x000000064dc00000| Untracked 
| 312|0x000000064e000000, 0x000000064e400000, 0x000000064e400000|100%| O|  |TAMS 0x000000064e400000, 0x000000064e000000| Untracked 
| 313|0x000000064e400000, 0x000000064e800000, 0x000000064e800000|100%| O|  |TAMS 0x000000064e800000, 0x000000064e400000| Untracked 
| 314|0x000000064e800000, 0x000000064ec00000, 0x000000064ec00000|100%| O|  |TAMS 0x000000064ec00000, 0x000000064e800000| Untracked 
| 315|0x000000064ec00000, 0x000000064f000000, 0x000000064f000000|100%| O|  |TAMS 0x000000064f000000, 0x000000064ec00000| Untracked 
| 316|0x000000064f000000, 0x000000064f400000, 0x000000064f400000|100%| O|  |TAMS 0x000000064f400000, 0x000000064f000000| Untracked 
| 317|0x000000064f400000, 0x000000064f800000, 0x000000064f800000|100%| O|  |TAMS 0x000000064f800000, 0x000000064f400000| Untracked 
| 318|0x000000064f800000, 0x000000064fc00000, 0x000000064fc00000|100%| O|  |TAMS 0x000000064fc00000, 0x000000064f800000| Untracked 
| 319|0x000000064fc00000, 0x0000000650000000, 0x0000000650000000|100%| O|  |TAMS 0x0000000650000000, 0x000000064fc00000| Untracked 
| 320|0x0000000650000000, 0x0000000650400000, 0x0000000650400000|100%| O|  |TAMS 0x0000000650400000, 0x0000000650000000| Untracked 
| 321|0x0000000650400000, 0x0000000650800000, 0x0000000650800000|100%| O|  |TAMS 0x0000000650800000, 0x0000000650400000| Untracked 
| 322|0x0000000650800000, 0x0000000650c00000, 0x0000000650c00000|100%| O|  |TAMS 0x0000000650c00000, 0x0000000650800000| Untracked 
| 323|0x0000000650c00000, 0x0000000651000000, 0x0000000651000000|100%| O|  |TAMS 0x0000000651000000, 0x0000000650c00000| Untracked 
| 324|0x0000000651000000, 0x0000000651400000, 0x0000000651400000|100%| O|  |TAMS 0x0000000651400000, 0x0000000651000000| Untracked 
| 325|0x0000000651400000, 0x0000000651800000, 0x0000000651800000|100%| O|  |TAMS 0x0000000651800000, 0x0000000651400000| Untracked 
| 326|0x0000000651800000, 0x0000000651c00000, 0x0000000651c00000|100%| O|  |TAMS 0x0000000651c00000, 0x0000000651800000| Untracked 
| 327|0x0000000651c00000, 0x0000000652000000, 0x0000000652000000|100%| O|  |TAMS 0x0000000652000000, 0x0000000651c00000| Untracked 
| 328|0x0000000652000000, 0x0000000652400000, 0x0000000652400000|100%| O|  |TAMS 0x0000000652400000, 0x0000000652000000| Untracked 
| 329|0x0000000652400000, 0x0000000652800000, 0x0000000652800000|100%| O|  |TAMS 0x0000000652800000, 0x0000000652400000| Untracked 
| 330|0x0000000652800000, 0x0000000652c00000, 0x0000000652c00000|100%| O|  |TAMS 0x0000000652c00000, 0x0000000652800000| Untracked 
| 331|0x0000000652c00000, 0x0000000653000000, 0x0000000653000000|100%| O|  |TAMS 0x0000000653000000, 0x0000000652c00000| Untracked 
| 332|0x0000000653000000, 0x0000000653400000, 0x0000000653400000|100%| O|  |TAMS 0x0000000653400000, 0x0000000653000000| Untracked 
| 333|0x0000000653400000, 0x0000000653800000, 0x0000000653800000|100%| O|  |TAMS 0x0000000653800000, 0x0000000653400000| Untracked 
| 334|0x0000000653800000, 0x0000000653c00000, 0x0000000653c00000|100%| O|  |TAMS 0x0000000653c00000, 0x0000000653800000| Untracked 
| 335|0x0000000653c00000, 0x0000000654000000, 0x0000000654000000|100%| O|  |TAMS 0x0000000654000000, 0x0000000653c00000| Untracked 
| 336|0x0000000654000000, 0x0000000654400000, 0x0000000654400000|100%| O|  |TAMS 0x0000000654400000, 0x0000000654000000| Updating 
| 337|0x0000000654400000, 0x0000000654800000, 0x0000000654800000|100%| O|  |TAMS 0x0000000654800000, 0x0000000654400000| Untracked 
| 338|0x0000000654800000, 0x0000000654c00000, 0x0000000654c00000|100%| O|  |TAMS 0x0000000654c00000, 0x0000000654800000| Untracked 
| 339|0x0000000654c00000, 0x0000000655000000, 0x0000000655000000|100%| O|  |TAMS 0x0000000655000000, 0x0000000654c00000| Untracked 
| 340|0x0000000655000000, 0x0000000655400000, 0x0000000655400000|100%| O|  |TAMS 0x0000000655400000, 0x0000000655000000| Untracked 
| 341|0x0000000655400000, 0x0000000655800000, 0x0000000655800000|100%| O|  |TAMS 0x0000000655800000, 0x0000000655400000| Untracked 
| 342|0x0000000655800000, 0x0000000655c00000, 0x0000000655c00000|100%| O|  |TAMS 0x0000000655c00000, 0x0000000655800000| Untracked 
| 343|0x0000000655c00000, 0x0000000656000000, 0x0000000656000000|100%| O|  |TAMS 0x0000000656000000, 0x0000000655c00000| Untracked 
| 344|0x0000000656000000, 0x0000000656400000, 0x0000000656400000|100%| O|  |TAMS 0x0000000656400000, 0x0000000656000000| Untracked 
| 345|0x0000000656400000, 0x0000000656800000, 0x0000000656800000|100%| O|  |TAMS 0x0000000656800000, 0x0000000656400000| Untracked 
| 346|0x0000000656800000, 0x0000000656c00000, 0x0000000656c00000|100%| O|  |TAMS 0x0000000656c00000, 0x0000000656800000| Untracked 
| 347|0x0000000656c00000, 0x0000000657000000, 0x0000000657000000|100%| O|  |TAMS 0x0000000657000000, 0x0000000656c00000| Untracked 
| 348|0x0000000657000000, 0x0000000657400000, 0x0000000657400000|100%| O|  |TAMS 0x0000000657400000, 0x0000000657000000| Untracked 
| 349|0x0000000657400000, 0x0000000657800000, 0x0000000657800000|100%| O|  |TAMS 0x0000000657800000, 0x0000000657400000| Untracked 
| 350|0x0000000657800000, 0x0000000657c00000, 0x0000000657c00000|100%| O|  |TAMS 0x0000000657c00000, 0x0000000657800000| Untracked 
| 351|0x0000000657c00000, 0x0000000658000000, 0x0000000658000000|100%| O|  |TAMS 0x0000000658000000, 0x0000000657c00000| Untracked 
| 352|0x0000000658000000, 0x0000000658400000, 0x0000000658400000|100%| O|  |TAMS 0x0000000658400000, 0x0000000658000000| Untracked 
| 353|0x0000000658400000, 0x0000000658800000, 0x0000000658800000|100%| O|  |TAMS 0x0000000658800000, 0x0000000658400000| Untracked 
| 354|0x0000000658800000, 0x0000000658c00000, 0x0000000658c00000|100%| O|  |TAMS 0x0000000658c00000, 0x0000000658800000| Untracked 
| 355|0x0000000658c00000, 0x0000000659000000, 0x0000000659000000|100%| O|  |TAMS 0x0000000659000000, 0x0000000658c00000| Untracked 
| 356|0x0000000659000000, 0x0000000659400000, 0x0000000659400000|100%| O|  |TAMS 0x0000000659400000, 0x0000000659000000| Untracked 
| 357|0x0000000659400000, 0x0000000659800000, 0x0000000659800000|100%| O|  |TAMS 0x0000000659800000, 0x0000000659400000| Untracked 
| 358|0x0000000659800000, 0x0000000659c00000, 0x0000000659c00000|100%| O|  |TAMS 0x0000000659c00000, 0x0000000659800000| Untracked 
| 359|0x0000000659c00000, 0x000000065a000000, 0x000000065a000000|100%| O|  |TAMS 0x000000065a000000, 0x0000000659c00000| Untracked 
| 360|0x000000065a000000, 0x000000065a400000, 0x000000065a400000|100%| O|  |TAMS 0x000000065a400000, 0x000000065a000000| Untracked 
| 361|0x000000065a400000, 0x000000065a800000, 0x000000065a800000|100%| O|  |TAMS 0x000000065a800000, 0x000000065a400000| Untracked 
| 362|0x000000065a800000, 0x000000065ac00000, 0x000000065ac00000|100%| O|  |TAMS 0x000000065ac00000, 0x000000065a800000| Untracked 
| 363|0x000000065ac00000, 0x000000065b000000, 0x000000065b000000|100%| O|  |TAMS 0x000000065b000000, 0x000000065ac00000| Untracked 
| 364|0x000000065b000000, 0x000000065b400000, 0x000000065b400000|100%| O|  |TAMS 0x000000065b400000, 0x000000065b000000| Untracked 
| 365|0x000000065b400000, 0x000000065b800000, 0x000000065b800000|100%| O|  |TAMS 0x000000065b800000, 0x000000065b400000| Untracked 
| 366|0x000000065b800000, 0x000000065bc00000, 0x000000065bc00000|100%| O|  |TAMS 0x000000065bc00000, 0x000000065b800000| Untracked 
| 367|0x000000065bc00000, 0x000000065c000000, 0x000000065c000000|100%| O|  |TAMS 0x000000065c000000, 0x000000065bc00000| Untracked 
| 368|0x000000065c000000, 0x000000065c400000, 0x000000065c400000|100%| O|  |TAMS 0x000000065c400000, 0x000000065c000000| Untracked 
| 369|0x000000065c400000, 0x000000065c800000, 0x000000065c800000|100%| O|  |TAMS 0x000000065c800000, 0x000000065c400000| Untracked 
| 370|0x000000065c800000, 0x000000065cc00000, 0x000000065cc00000|100%| O|  |TAMS 0x000000065cc00000, 0x000000065c800000| Untracked 
| 371|0x000000065cc00000, 0x000000065d000000, 0x000000065d000000|100%| O|  |TAMS 0x000000065d000000, 0x000000065cc00000| Untracked 
| 372|0x000000065d000000, 0x000000065d400000, 0x000000065d400000|100%| O|  |TAMS 0x000000065d400000, 0x000000065d000000| Untracked 
| 373|0x000000065d400000, 0x000000065d800000, 0x000000065d800000|100%| O|  |TAMS 0x000000065d800000, 0x000000065d400000| Untracked 
| 374|0x000000065d800000, 0x000000065dc00000, 0x000000065dc00000|100%| O|  |TAMS 0x000000065dc00000, 0x000000065d800000| Untracked 
| 375|0x000000065dc00000, 0x000000065e000000, 0x000000065e000000|100%| O|  |TAMS 0x000000065e000000, 0x000000065dc00000| Untracked 
| 376|0x000000065e000000, 0x000000065e400000, 0x000000065e400000|100%| O|  |TAMS 0x000000065e400000, 0x000000065e000000| Untracked 
| 377|0x000000065e400000, 0x000000065e800000, 0x000000065e800000|100%| O|  |TAMS 0x000000065e800000, 0x000000065e400000| Untracked 
| 378|0x000000065e800000, 0x000000065ec00000, 0x000000065ec00000|100%| O|  |TAMS 0x000000065ec00000, 0x000000065e800000| Untracked 
| 379|0x000000065ec00000, 0x000000065f000000, 0x000000065f000000|100%| O|  |TAMS 0x000000065f000000, 0x000000065ec00000| Untracked 
| 380|0x000000065f000000, 0x000000065f400000, 0x000000065f400000|100%| O|  |TAMS 0x000000065f400000, 0x000000065f000000| Untracked 
| 381|0x000000065f400000, 0x000000065f800000, 0x000000065f800000|100%| O|  |TAMS 0x000000065f800000, 0x000000065f400000| Untracked 
| 382|0x000000065f800000, 0x000000065fc00000, 0x000000065fc00000|100%| O|  |TAMS 0x000000065fc00000, 0x000000065f800000| Untracked 
| 383|0x000000065fc00000, 0x0000000660000000, 0x0000000660000000|100%| O|  |TAMS 0x0000000660000000, 0x000000065fc00000| Untracked 
| 384|0x0000000660000000, 0x0000000660400000, 0x0000000660400000|100%| O|  |TAMS 0x0000000660400000, 0x0000000660000000| Untracked 
| 385|0x0000000660400000, 0x0000000660800000, 0x0000000660800000|100%| O|  |TAMS 0x0000000660800000, 0x0000000660400000| Untracked 
| 386|0x0000000660800000, 0x0000000660c00000, 0x0000000660c00000|100%| O|  |TAMS 0x0000000660c00000, 0x0000000660800000| Untracked 
| 387|0x0000000660c00000, 0x0000000661000000, 0x0000000661000000|100%| O|  |TAMS 0x0000000661000000, 0x0000000660c00000| Untracked 
| 388|0x0000000661000000, 0x0000000661400000, 0x0000000661400000|100%| O|  |TAMS 0x0000000661400000, 0x0000000661000000| Updating 
| 389|0x0000000661400000, 0x0000000661800000, 0x0000000661800000|100%| O|  |TAMS 0x0000000661800000, 0x0000000661400000| Updating 
| 390|0x0000000661800000, 0x0000000661c00000, 0x0000000661c00000|100%| O|  |TAMS 0x0000000661c00000, 0x0000000661800000| Updating 
| 391|0x0000000661c00000, 0x0000000661c00000, 0x0000000662000000|  0%| F|  |TAMS 0x0000000661c00000, 0x0000000661c00000| Untracked 
| 392|0x0000000662000000, 0x0000000662400000, 0x0000000662400000|100%| O|  |TAMS 0x0000000662400000, 0x0000000662000000| Updating 
| 393|0x0000000662400000, 0x0000000662800000, 0x0000000662800000|100%| O|  |TAMS 0x0000000662800000, 0x0000000662400000| Untracked 
| 394|0x0000000662800000, 0x0000000662c00000, 0x0000000662c00000|100%| O|  |TAMS 0x0000000662c00000, 0x0000000662800000| Untracked 
| 395|0x0000000662c00000, 0x0000000663000000, 0x0000000663000000|100%| O|  |TAMS 0x0000000663000000, 0x0000000662c00000| Untracked 
| 396|0x0000000663000000, 0x0000000663400000, 0x0000000663400000|100%| O|  |TAMS 0x0000000663400000, 0x0000000663000000| Untracked 
| 397|0x0000000663400000, 0x0000000663800000, 0x0000000663800000|100%| O|  |TAMS 0x0000000663800000, 0x0000000663400000| Untracked 
| 398|0x0000000663800000, 0x0000000663c00000, 0x0000000663c00000|100%| O|  |TAMS 0x0000000663c00000, 0x0000000663800000| Untracked 
| 399|0x0000000663c00000, 0x0000000664000000, 0x0000000664000000|100%| O|  |TAMS 0x0000000664000000, 0x0000000663c00000| Untracked 
| 400|0x0000000664000000, 0x0000000664400000, 0x0000000664400000|100%| O|  |TAMS 0x0000000664400000, 0x0000000664000000| Untracked 
| 401|0x0000000664400000, 0x0000000664800000, 0x0000000664800000|100%| O|  |TAMS 0x0000000664800000, 0x0000000664400000| Untracked 
| 402|0x0000000664800000, 0x0000000664c00000, 0x0000000664c00000|100%| O|  |TAMS 0x0000000664c00000, 0x0000000664800000| Untracked 
| 403|0x0000000664c00000, 0x0000000665000000, 0x0000000665000000|100%| O|  |TAMS 0x0000000665000000, 0x0000000664c00000| Updating 
| 404|0x0000000665000000, 0x0000000665400000, 0x0000000665400000|100%| O|  |TAMS 0x0000000665400000, 0x0000000665000000| Updating 
| 405|0x0000000665400000, 0x0000000665400000, 0x0000000665800000|  0%| F|  |TAMS 0x0000000665400000, 0x0000000665400000| Untracked 
| 406|0x0000000665800000, 0x0000000665c00000, 0x0000000665c00000|100%| O|  |TAMS 0x0000000665c00000, 0x0000000665800000| Updating 
| 407|0x0000000665c00000, 0x0000000666000000, 0x0000000666000000|100%| O|  |TAMS 0x0000000666000000, 0x0000000665c00000| Untracked 
| 408|0x0000000666000000, 0x0000000666400000, 0x0000000666400000|100%| O|  |TAMS 0x0000000666400000, 0x0000000666000000| Untracked 
| 409|0x0000000666400000, 0x0000000666800000, 0x0000000666800000|100%| O|  |TAMS 0x0000000666800000, 0x0000000666400000| Untracked 
| 410|0x0000000666800000, 0x0000000666c00000, 0x0000000666c00000|100%| O|  |TAMS 0x0000000666c00000, 0x0000000666800000| Untracked 
| 411|0x0000000666c00000, 0x0000000667000000, 0x0000000667000000|100%| O|  |TAMS 0x0000000667000000, 0x0000000666c00000| Untracked 
| 412|0x0000000667000000, 0x0000000667400000, 0x0000000667400000|100%| O|  |TAMS 0x0000000667400000, 0x0000000667000000| Untracked 
| 413|0x0000000667400000, 0x0000000667800000, 0x0000000667800000|100%| O|  |TAMS 0x0000000667800000, 0x0000000667400000| Untracked 
| 414|0x0000000667800000, 0x0000000667c00000, 0x0000000667c00000|100%| O|  |TAMS 0x0000000667c00000, 0x0000000667800000| Untracked 
| 415|0x0000000667c00000, 0x0000000668000000, 0x0000000668000000|100%| O|  |TAMS 0x0000000668000000, 0x0000000667c00000| Untracked 
| 416|0x0000000668000000, 0x0000000668400000, 0x0000000668400000|100%| O|  |TAMS 0x0000000668400000, 0x0000000668000000| Untracked 
| 417|0x0000000668400000, 0x0000000668800000, 0x0000000668800000|100%| O|  |TAMS 0x0000000668800000, 0x0000000668400000| Untracked 
| 418|0x0000000668800000, 0x0000000668c00000, 0x0000000668c00000|100%| O|  |TAMS 0x0000000668c00000, 0x0000000668800000| Untracked 
| 419|0x0000000668c00000, 0x0000000669000000, 0x0000000669000000|100%| O|  |TAMS 0x0000000669000000, 0x0000000668c00000| Untracked 
| 420|0x0000000669000000, 0x0000000669400000, 0x0000000669400000|100%| O|  |TAMS 0x0000000669400000, 0x0000000669000000| Untracked 
| 421|0x0000000669400000, 0x0000000669800000, 0x0000000669800000|100%| O|  |TAMS 0x0000000669800000, 0x0000000669400000| Untracked 
| 422|0x0000000669800000, 0x0000000669c00000, 0x0000000669c00000|100%| O|  |TAMS 0x0000000669c00000, 0x0000000669800000| Untracked 
| 423|0x0000000669c00000, 0x000000066a000000, 0x000000066a000000|100%| O|  |TAMS 0x000000066a000000, 0x0000000669c00000| Untracked 
| 424|0x000000066a000000, 0x000000066a400000, 0x000000066a400000|100%| O|  |TAMS 0x000000066a400000, 0x000000066a000000| Untracked 
| 425|0x000000066a400000, 0x000000066a800000, 0x000000066a800000|100%| O|  |TAMS 0x000000066a800000, 0x000000066a400000| Untracked 
| 426|0x000000066a800000, 0x000000066ac00000, 0x000000066ac00000|100%| O|  |TAMS 0x000000066ac00000, 0x000000066a800000| Untracked 
| 427|0x000000066ac00000, 0x000000066b000000, 0x000000066b000000|100%| O|  |TAMS 0x000000066b000000, 0x000000066ac00000| Untracked 
| 428|0x000000066b000000, 0x000000066b400000, 0x000000066b400000|100%| O|  |TAMS 0x000000066b400000, 0x000000066b000000| Updating 
| 429|0x000000066b400000, 0x000000066b800000, 0x000000066b800000|100%| O|  |TAMS 0x000000066b800000, 0x000000066b400000| Untracked 
| 430|0x000000066b800000, 0x000000066bc00000, 0x000000066bc00000|100%| O|  |TAMS 0x000000066bc00000, 0x000000066b800000| Untracked 
| 431|0x000000066bc00000, 0x000000066c000000, 0x000000066c000000|100%| O|  |TAMS 0x000000066c000000, 0x000000066bc00000| Untracked 
| 432|0x000000066c000000, 0x000000066c400000, 0x000000066c400000|100%| O|  |TAMS 0x000000066c400000, 0x000000066c000000| Untracked 
| 433|0x000000066c400000, 0x000000066c800000, 0x000000066c800000|100%| O|  |TAMS 0x000000066c800000, 0x000000066c400000| Untracked 
| 434|0x000000066c800000, 0x000000066cc00000, 0x000000066cc00000|100%| O|  |TAMS 0x000000066cc00000, 0x000000066c800000| Untracked 
| 435|0x000000066cc00000, 0x000000066d000000, 0x000000066d000000|100%| O|  |TAMS 0x000000066d000000, 0x000000066cc00000| Untracked 
| 436|0x000000066d000000, 0x000000066d400000, 0x000000066d400000|100%| O|  |TAMS 0x000000066d400000, 0x000000066d000000| Untracked 
| 437|0x000000066d400000, 0x000000066d800000, 0x000000066d800000|100%| O|  |TAMS 0x000000066d800000, 0x000000066d400000| Untracked 
| 438|0x000000066d800000, 0x000000066dc00000, 0x000000066dc00000|100%| O|  |TAMS 0x000000066dc00000, 0x000000066d800000| Untracked 
| 439|0x000000066dc00000, 0x000000066e000000, 0x000000066e000000|100%| O|  |TAMS 0x000000066e000000, 0x000000066dc00000| Untracked 
| 440|0x000000066e000000, 0x000000066e400000, 0x000000066e400000|100%| O|  |TAMS 0x000000066e400000, 0x000000066e000000| Updating 
| 441|0x000000066e400000, 0x000000066e800000, 0x000000066e800000|100%| O|  |TAMS 0x000000066e800000, 0x000000066e400000| Updating 
| 442|0x000000066e800000, 0x000000066ec00000, 0x000000066ec00000|100%| O|  |TAMS 0x000000066ec00000, 0x000000066e800000| Untracked 
| 443|0x000000066ec00000, 0x000000066f000000, 0x000000066f000000|100%| O|  |TAMS 0x000000066f000000, 0x000000066ec00000| Untracked 
| 444|0x000000066f000000, 0x000000066f400000, 0x000000066f400000|100%| O|  |TAMS 0x000000066f400000, 0x000000066f000000| Untracked 
| 445|0x000000066f400000, 0x000000066f800000, 0x000000066f800000|100%| O|  |TAMS 0x000000066f800000, 0x000000066f400000| Untracked 
| 446|0x000000066f800000, 0x000000066fc00000, 0x000000066fc00000|100%| O|  |TAMS 0x000000066fc00000, 0x000000066f800000| Untracked 
| 447|0x000000066fc00000, 0x0000000670000000, 0x0000000670000000|100%| O|  |TAMS 0x0000000670000000, 0x000000066fc00000| Untracked 
| 448|0x0000000670000000, 0x0000000670400000, 0x0000000670400000|100%| O|  |TAMS 0x0000000670400000, 0x0000000670000000| Untracked 
| 449|0x0000000670400000, 0x0000000670800000, 0x0000000670800000|100%| O|  |TAMS 0x0000000670800000, 0x0000000670400000| Untracked 
| 450|0x0000000670800000, 0x0000000670c00000, 0x0000000670c00000|100%| O|  |TAMS 0x0000000670c00000, 0x0000000670800000| Untracked 
| 451|0x0000000670c00000, 0x0000000671000000, 0x0000000671000000|100%| O|  |TAMS 0x0000000671000000, 0x0000000670c00000| Untracked 
| 452|0x0000000671000000, 0x0000000671400000, 0x0000000671400000|100%| O|  |TAMS 0x0000000671400000, 0x0000000671000000| Untracked 
| 453|0x0000000671400000, 0x0000000671800000, 0x0000000671800000|100%| O|  |TAMS 0x0000000671800000, 0x0000000671400000| Untracked 
| 454|0x0000000671800000, 0x0000000671c00000, 0x0000000671c00000|100%| O|  |TAMS 0x0000000671c00000, 0x0000000671800000| Untracked 
| 455|0x0000000671c00000, 0x0000000672000000, 0x0000000672000000|100%| O|  |TAMS 0x0000000672000000, 0x0000000671c00000| Untracked 
| 456|0x0000000672000000, 0x0000000672400000, 0x0000000672400000|100%| O|  |TAMS 0x0000000672400000, 0x0000000672000000| Untracked 
| 457|0x0000000672400000, 0x0000000672800000, 0x0000000672800000|100%| O|  |TAMS 0x0000000672800000, 0x0000000672400000| Untracked 
| 458|0x0000000672800000, 0x0000000672c00000, 0x0000000672c00000|100%| O|  |TAMS 0x0000000672c00000, 0x0000000672800000| Untracked 
| 459|0x0000000672c00000, 0x0000000673000000, 0x0000000673000000|100%| O|  |TAMS 0x0000000673000000, 0x0000000672c00000| Untracked 
| 460|0x0000000673000000, 0x0000000673400000, 0x0000000673400000|100%| O|  |TAMS 0x0000000673400000, 0x0000000673000000| Untracked 
| 461|0x0000000673400000, 0x0000000673800000, 0x0000000673800000|100%| O|  |TAMS 0x0000000673800000, 0x0000000673400000| Untracked 
| 462|0x0000000673800000, 0x0000000673c00000, 0x0000000673c00000|100%| O|  |TAMS 0x0000000673c00000, 0x0000000673800000| Untracked 
| 463|0x0000000673c00000, 0x0000000674000000, 0x0000000674000000|100%| O|  |TAMS 0x0000000674000000, 0x0000000673c00000| Untracked 
| 464|0x0000000674000000, 0x0000000674400000, 0x0000000674400000|100%| O|  |TAMS 0x0000000674400000, 0x0000000674000000| Untracked 
| 465|0x0000000674400000, 0x0000000674800000, 0x0000000674800000|100%| O|  |TAMS 0x0000000674800000, 0x0000000674400000| Untracked 
| 466|0x0000000674800000, 0x0000000674c00000, 0x0000000674c00000|100%| O|  |TAMS 0x0000000674c00000, 0x0000000674800000| Untracked 
| 467|0x0000000674c00000, 0x0000000675000000, 0x0000000675000000|100%| O|  |TAMS 0x0000000675000000, 0x0000000674c00000| Untracked 
| 468|0x0000000675000000, 0x0000000675400000, 0x0000000675400000|100%| O|  |TAMS 0x0000000675400000, 0x0000000675000000| Untracked 
| 469|0x0000000675400000, 0x0000000675800000, 0x0000000675800000|100%| O|  |TAMS 0x0000000675800000, 0x0000000675400000| Untracked 
| 470|0x0000000675800000, 0x0000000675c00000, 0x0000000675c00000|100%| O|  |TAMS 0x0000000675c00000, 0x0000000675800000| Untracked 
| 471|0x0000000675c00000, 0x0000000676000000, 0x0000000676000000|100%| O|  |TAMS 0x0000000676000000, 0x0000000675c00000| Untracked 
| 472|0x0000000676000000, 0x0000000676400000, 0x0000000676400000|100%| O|  |TAMS 0x0000000676400000, 0x0000000676000000| Untracked 
| 473|0x0000000676400000, 0x0000000676800000, 0x0000000676800000|100%| O|  |TAMS 0x0000000676800000, 0x0000000676400000| Untracked 
| 474|0x0000000676800000, 0x0000000676c00000, 0x0000000676c00000|100%| O|  |TAMS 0x0000000676c00000, 0x0000000676800000| Untracked 
| 475|0x0000000676c00000, 0x0000000677000000, 0x0000000677000000|100%| O|  |TAMS 0x0000000677000000, 0x0000000676c00000| Untracked 
| 476|0x0000000677000000, 0x0000000677400000, 0x0000000677400000|100%| O|  |TAMS 0x0000000677400000, 0x0000000677000000| Untracked 
| 477|0x0000000677400000, 0x0000000677800000, 0x0000000677800000|100%| O|  |TAMS 0x0000000677800000, 0x0000000677400000| Untracked 
| 478|0x0000000677800000, 0x0000000677c00000, 0x0000000677c00000|100%| O|  |TAMS 0x0000000677c00000, 0x0000000677800000| Untracked 
| 479|0x0000000677c00000, 0x0000000678000000, 0x0000000678000000|100%| O|  |TAMS 0x0000000678000000, 0x0000000677c00000| Untracked 
| 480|0x0000000678000000, 0x0000000678400000, 0x0000000678400000|100%| O|  |TAMS 0x0000000678400000, 0x0000000678000000| Untracked 
| 481|0x0000000678400000, 0x0000000678800000, 0x0000000678800000|100%| O|  |TAMS 0x0000000678800000, 0x0000000678400000| Untracked 
| 482|0x0000000678800000, 0x0000000678c00000, 0x0000000678c00000|100%| O|  |TAMS 0x0000000678c00000, 0x0000000678800000| Untracked 
| 483|0x0000000678c00000, 0x0000000679000000, 0x0000000679000000|100%| O|  |TAMS 0x0000000679000000, 0x0000000678c00000| Untracked 
| 484|0x0000000679000000, 0x0000000679400000, 0x0000000679400000|100%| O|  |TAMS 0x0000000679400000, 0x0000000679000000| Untracked 
| 485|0x0000000679400000, 0x0000000679400000, 0x0000000679800000|  0%| F|  |TAMS 0x0000000679400000, 0x0000000679400000| Untracked 
| 486|0x0000000679800000, 0x0000000679800000, 0x0000000679c00000|  0%| F|  |TAMS 0x0000000679800000, 0x0000000679800000| Untracked 
| 487|0x0000000679c00000, 0x0000000679c00000, 0x000000067a000000|  0%| F|  |TAMS 0x0000000679c00000, 0x0000000679c00000| Untracked 
| 488|0x000000067a000000, 0x000000067a000000, 0x000000067a400000|  0%| F|  |TAMS 0x000000067a000000, 0x000000067a000000| Untracked 
| 489|0x000000067a400000, 0x000000067a800000, 0x000000067a800000|100%| O|  |TAMS 0x000000067a800000, 0x000000067a400000| Updating 
| 490|0x000000067a800000, 0x000000067a800000, 0x000000067ac00000|  0%| F|  |TAMS 0x000000067a800000, 0x000000067a800000| Untracked 
| 491|0x000000067ac00000, 0x000000067b000000, 0x000000067b000000|100%| O|  |TAMS 0x000000067b000000, 0x000000067ac00000| Updating 
| 492|0x000000067b000000, 0x000000067b000000, 0x000000067b400000|  0%| F|  |TAMS 0x000000067b000000, 0x000000067b000000| Untracked 
| 493|0x000000067b400000, 0x000000067b400000, 0x000000067b800000|  0%| F|  |TAMS 0x000000067b400000, 0x000000067b400000| Untracked 
| 494|0x000000067b800000, 0x000000067bc00000, 0x000000067bc00000|100%| O|  |TAMS 0x000000067bc00000, 0x000000067b800000| Updating 
| 495|0x000000067bc00000, 0x000000067c000000, 0x000000067c000000|100%| O|  |TAMS 0x000000067c000000, 0x000000067bc00000| Updating 
| 496|0x000000067c000000, 0x000000067c000000, 0x000000067c400000|  0%| F|  |TAMS 0x000000067c000000, 0x000000067c000000| Untracked 
| 497|0x000000067c400000, 0x000000067c800000, 0x000000067c800000|100%| O|  |TAMS 0x000000067c800000, 0x000000067c400000| Updating 
| 498|0x000000067c800000, 0x000000067cc00000, 0x000000067cc00000|100%| O|  |TAMS 0x000000067cc00000, 0x000000067c800000| Updating 
| 499|0x000000067cc00000, 0x000000067d000000, 0x000000067d000000|100%| O|  |TAMS 0x000000067d000000, 0x000000067cc00000| Untracked 
| 500|0x000000067d000000, 0x000000067d400000, 0x000000067d400000|100%| O|  |TAMS 0x000000067d400000, 0x000000067d000000| Untracked 
| 501|0x000000067d400000, 0x000000067d800000, 0x000000067d800000|100%| O|  |TAMS 0x000000067d800000, 0x000000067d400000| Untracked 
| 502|0x000000067d800000, 0x000000067dc00000, 0x000000067dc00000|100%| O|  |TAMS 0x000000067dc00000, 0x000000067d800000| Untracked 
| 503|0x000000067dc00000, 0x000000067e000000, 0x000000067e000000|100%| O|  |TAMS 0x000000067e000000, 0x000000067dc00000| Untracked 
| 504|0x000000067e000000, 0x000000067e400000, 0x000000067e400000|100%| O|  |TAMS 0x000000067e400000, 0x000000067e000000| Untracked 
| 505|0x000000067e400000, 0x000000067e800000, 0x000000067e800000|100%| O|  |TAMS 0x000000067e800000, 0x000000067e400000| Untracked 
| 506|0x000000067e800000, 0x000000067ec00000, 0x000000067ec00000|100%| O|  |TAMS 0x000000067ec00000, 0x000000067e800000| Untracked 
| 507|0x000000067ec00000, 0x000000067f000000, 0x000000067f000000|100%| O|  |TAMS 0x000000067f000000, 0x000000067ec00000| Untracked 
| 508|0x000000067f000000, 0x000000067f400000, 0x000000067f400000|100%| O|  |TAMS 0x000000067f400000, 0x000000067f000000| Untracked 
| 509|0x000000067f400000, 0x000000067f800000, 0x000000067f800000|100%| O|  |TAMS 0x000000067f800000, 0x000000067f400000| Untracked 
| 510|0x000000067f800000, 0x000000067fc00000, 0x000000067fc00000|100%| O|  |TAMS 0x000000067fc00000, 0x000000067f800000| Untracked 
| 511|0x000000067fc00000, 0x0000000680000000, 0x0000000680000000|100%| O|  |TAMS 0x0000000680000000, 0x000000067fc00000| Untracked 
| 512|0x0000000680000000, 0x0000000680400000, 0x0000000680400000|100%| O|  |TAMS 0x0000000680400000, 0x0000000680000000| Untracked 
| 513|0x0000000680400000, 0x0000000680800000, 0x0000000680800000|100%| O|  |TAMS 0x0000000680800000, 0x0000000680400000| Untracked 
| 514|0x0000000680800000, 0x0000000680c00000, 0x0000000680c00000|100%| O|  |TAMS 0x0000000680c00000, 0x0000000680800000| Untracked 
| 515|0x0000000680c00000, 0x0000000680fffff8, 0x0000000681000000| 99%| O|  |TAMS 0x0000000680fffff8, 0x0000000680c00000| Untracked 
| 516|0x0000000681000000, 0x0000000681400000, 0x0000000681400000|100%| O|  |TAMS 0x0000000681400000, 0x0000000681000000| Untracked 
| 517|0x0000000681400000, 0x0000000681800000, 0x0000000681800000|100%| O|  |TAMS 0x0000000681800000, 0x0000000681400000| Untracked 
| 518|0x0000000681800000, 0x0000000681c00000, 0x0000000681c00000|100%| O|  |TAMS 0x0000000681c00000, 0x0000000681800000| Untracked 
| 519|0x0000000681c00000, 0x0000000682000000, 0x0000000682000000|100%| O|  |TAMS 0x0000000682000000, 0x0000000681c00000| Untracked 
| 520|0x0000000682000000, 0x0000000682400000, 0x0000000682400000|100%| O|  |TAMS 0x0000000682400000, 0x0000000682000000| Untracked 
| 521|0x0000000682400000, 0x0000000682800000, 0x0000000682800000|100%| O|  |TAMS 0x0000000682800000, 0x0000000682400000| Untracked 
| 522|0x0000000682800000, 0x0000000682c00000, 0x0000000682c00000|100%| O|  |TAMS 0x0000000682c00000, 0x0000000682800000| Untracked 
| 523|0x0000000682c00000, 0x0000000683000000, 0x0000000683000000|100%| O|  |TAMS 0x0000000683000000, 0x0000000682c00000| Untracked 
| 524|0x0000000683000000, 0x0000000683400000, 0x0000000683400000|100%| O|  |TAMS 0x0000000683400000, 0x0000000683000000| Untracked 
| 525|0x0000000683400000, 0x0000000683800000, 0x0000000683800000|100%| O|  |TAMS 0x0000000683800000, 0x0000000683400000| Untracked 
| 526|0x0000000683800000, 0x0000000683c00000, 0x0000000683c00000|100%| O|  |TAMS 0x0000000683c00000, 0x0000000683800000| Untracked 
| 527|0x0000000683c00000, 0x0000000684000000, 0x0000000684000000|100%| O|  |TAMS 0x0000000684000000, 0x0000000683c00000| Untracked 
| 528|0x0000000684000000, 0x0000000684400000, 0x0000000684400000|100%| O|  |TAMS 0x0000000684400000, 0x0000000684000000| Untracked 
| 529|0x0000000684400000, 0x0000000684800000, 0x0000000684800000|100%| O|  |TAMS 0x0000000684800000, 0x0000000684400000| Untracked 
| 530|0x0000000684800000, 0x0000000684c00000, 0x0000000684c00000|100%| O|  |TAMS 0x0000000684c00000, 0x0000000684800000| Untracked 
| 531|0x0000000684c00000, 0x0000000685000000, 0x0000000685000000|100%| O|  |TAMS 0x0000000685000000, 0x0000000684c00000| Untracked 
| 532|0x0000000685000000, 0x0000000685400000, 0x0000000685400000|100%| O|  |TAMS 0x0000000685400000, 0x0000000685000000| Untracked 
| 533|0x0000000685400000, 0x0000000685800000, 0x0000000685800000|100%| O|  |TAMS 0x0000000685800000, 0x0000000685400000| Untracked 
| 534|0x0000000685800000, 0x0000000685c00000, 0x0000000685c00000|100%| O|  |TAMS 0x0000000685c00000, 0x0000000685800000| Untracked 
| 535|0x0000000685c00000, 0x0000000685c00000, 0x0000000686000000|  0%| F|  |TAMS 0x0000000685c00000, 0x0000000685c00000| Untracked 
| 536|0x0000000686000000, 0x0000000686400000, 0x0000000686400000|100%| O|  |TAMS 0x0000000686400000, 0x0000000686000000| Updating 
| 537|0x0000000686400000, 0x0000000686800000, 0x0000000686800000|100%| O|  |TAMS 0x0000000686800000, 0x0000000686400000| Updating 
| 538|0x0000000686800000, 0x0000000686c00000, 0x0000000686c00000|100%| O|  |TAMS 0x0000000686c00000, 0x0000000686800000| Updating 
| 539|0x0000000686c00000, 0x0000000687000000, 0x0000000687000000|100%| O|  |TAMS 0x0000000687000000, 0x0000000686c00000| Updating 
| 540|0x0000000687000000, 0x0000000687400000, 0x0000000687400000|100%| O|  |TAMS 0x0000000687400000, 0x0000000687000000| Updating 
| 541|0x0000000687400000, 0x0000000687800000, 0x0000000687800000|100%| O|  |TAMS 0x0000000687800000, 0x0000000687400000| Untracked 
| 542|0x0000000687800000, 0x0000000687c00000, 0x0000000687c00000|100%| O|  |TAMS 0x0000000687c00000, 0x0000000687800000| Untracked 
| 543|0x0000000687c00000, 0x0000000688000000, 0x0000000688000000|100%| O|  |TAMS 0x0000000688000000, 0x0000000687c00000| Untracked 
| 544|0x0000000688000000, 0x0000000688400000, 0x0000000688400000|100%| O|  |TAMS 0x0000000688400000, 0x0000000688000000| Untracked 
| 545|0x0000000688400000, 0x0000000688800000, 0x0000000688800000|100%| O|  |TAMS 0x0000000688800000, 0x0000000688400000| Untracked 
| 546|0x0000000688800000, 0x0000000688c00000, 0x0000000688c00000|100%| O|  |TAMS 0x0000000688c00000, 0x0000000688800000| Untracked 
| 547|0x0000000688c00000, 0x0000000689000000, 0x0000000689000000|100%| O|  |TAMS 0x0000000689000000, 0x0000000688c00000| Untracked 
| 548|0x0000000689000000, 0x0000000689400000, 0x0000000689400000|100%| O|  |TAMS 0x0000000689400000, 0x0000000689000000| Untracked 
| 549|0x0000000689400000, 0x0000000689800000, 0x0000000689800000|100%| O|  |TAMS 0x0000000689800000, 0x0000000689400000| Untracked 
| 550|0x0000000689800000, 0x0000000689c00000, 0x0000000689c00000|100%| O|  |TAMS 0x0000000689c00000, 0x0000000689800000| Untracked 
| 551|0x0000000689c00000, 0x000000068a000000, 0x000000068a000000|100%| O|  |TAMS 0x000000068a000000, 0x0000000689c00000| Untracked 
| 552|0x000000068a000000, 0x000000068a400000, 0x000000068a400000|100%| O|  |TAMS 0x000000068a400000, 0x000000068a000000| Untracked 
| 553|0x000000068a400000, 0x000000068a800000, 0x000000068a800000|100%| O|  |TAMS 0x000000068a800000, 0x000000068a400000| Untracked 
| 554|0x000000068a800000, 0x000000068ac00000, 0x000000068ac00000|100%| O|  |TAMS 0x000000068ac00000, 0x000000068a800000| Untracked 
| 555|0x000000068ac00000, 0x000000068b000000, 0x000000068b000000|100%| O|  |TAMS 0x000000068b000000, 0x000000068ac00000| Updating 
| 556|0x000000068b000000, 0x000000068b400000, 0x000000068b400000|100%| O|  |TAMS 0x000000068b400000, 0x000000068b000000| Untracked 
| 557|0x000000068b400000, 0x000000068b800000, 0x000000068b800000|100%| O|  |TAMS 0x000000068b800000, 0x000000068b400000| Untracked 
| 558|0x000000068b800000, 0x000000068bc00000, 0x000000068bc00000|100%| O|  |TAMS 0x000000068bc00000, 0x000000068b800000| Untracked 
| 559|0x000000068bc00000, 0x000000068c000000, 0x000000068c000000|100%| O|  |TAMS 0x000000068c000000, 0x000000068bc00000| Untracked 
| 560|0x000000068c000000, 0x000000068c400000, 0x000000068c400000|100%| O|  |TAMS 0x000000068c400000, 0x000000068c000000| Untracked 
| 561|0x000000068c400000, 0x000000068c800000, 0x000000068c800000|100%| O|  |TAMS 0x000000068c800000, 0x000000068c400000| Untracked 
| 562|0x000000068c800000, 0x000000068cc00000, 0x000000068cc00000|100%| O|  |TAMS 0x000000068cc00000, 0x000000068c800000| Untracked 
| 563|0x000000068cc00000, 0x000000068d000000, 0x000000068d000000|100%| O|  |TAMS 0x000000068d000000, 0x000000068cc00000| Untracked 
| 564|0x000000068d000000, 0x000000068d400000, 0x000000068d400000|100%| O|  |TAMS 0x000000068d400000, 0x000000068d000000| Untracked 
| 565|0x000000068d400000, 0x000000068d800000, 0x000000068d800000|100%| O|  |TAMS 0x000000068d800000, 0x000000068d400000| Untracked 
| 566|0x000000068d800000, 0x000000068dc00000, 0x000000068dc00000|100%| O|  |TAMS 0x000000068dc00000, 0x000000068d800000| Untracked 
| 567|0x000000068dc00000, 0x000000068e000000, 0x000000068e000000|100%| O|  |TAMS 0x000000068e000000, 0x000000068dc00000| Untracked 
| 568|0x000000068e000000, 0x000000068e400000, 0x000000068e400000|100%| O|  |TAMS 0x000000068e400000, 0x000000068e000000| Untracked 
| 569|0x000000068e400000, 0x000000068e800000, 0x000000068e800000|100%| O|  |TAMS 0x000000068e800000, 0x000000068e400000| Untracked 
| 570|0x000000068e800000, 0x000000068ec00000, 0x000000068ec00000|100%| O|  |TAMS 0x000000068ec00000, 0x000000068e800000| Untracked 
| 571|0x000000068ec00000, 0x000000068f000000, 0x000000068f000000|100%| O|  |TAMS 0x000000068f000000, 0x000000068ec00000| Updating 
| 572|0x000000068f000000, 0x000000068f400000, 0x000000068f400000|100%| O|  |TAMS 0x000000068f400000, 0x000000068f000000| Updating 
| 573|0x000000068f400000, 0x000000068f800000, 0x000000068f800000|100%| O|  |TAMS 0x000000068f800000, 0x000000068f400000| Updating 
| 574|0x000000068f800000, 0x000000068fc00000, 0x000000068fc00000|100%| O|  |TAMS 0x000000068fc00000, 0x000000068f800000| Updating 
| 575|0x000000068fc00000, 0x0000000690000000, 0x0000000690000000|100%| O|  |TAMS 0x0000000690000000, 0x000000068fc00000| Untracked 
| 576|0x0000000690000000, 0x0000000690400000, 0x0000000690400000|100%| O|  |TAMS 0x0000000690400000, 0x0000000690000000| Untracked 
| 577|0x0000000690400000, 0x0000000690800000, 0x0000000690800000|100%| O|  |TAMS 0x0000000690800000, 0x0000000690400000| Untracked 
| 578|0x0000000690800000, 0x0000000690c00000, 0x0000000690c00000|100%| O|  |TAMS 0x0000000690c00000, 0x0000000690800000| Untracked 
| 579|0x0000000690c00000, 0x0000000691000000, 0x0000000691000000|100%| O|  |TAMS 0x0000000691000000, 0x0000000690c00000| Untracked 
| 580|0x0000000691000000, 0x0000000691400000, 0x0000000691400000|100%| O|  |TAMS 0x0000000691400000, 0x0000000691000000| Untracked 
| 581|0x0000000691400000, 0x0000000691800000, 0x0000000691800000|100%| O|  |TAMS 0x0000000691800000, 0x0000000691400000| Untracked 
| 582|0x0000000691800000, 0x0000000691c00000, 0x0000000691c00000|100%| O|  |TAMS 0x0000000691c00000, 0x0000000691800000| Untracked 
| 583|0x0000000691c00000, 0x0000000692000000, 0x0000000692000000|100%| O|  |TAMS 0x0000000692000000, 0x0000000691c00000| Untracked 
| 584|0x0000000692000000, 0x0000000692400000, 0x0000000692400000|100%| O|  |TAMS 0x0000000692400000, 0x0000000692000000| Untracked 
| 585|0x0000000692400000, 0x0000000692800000, 0x0000000692800000|100%| O|  |TAMS 0x0000000692800000, 0x0000000692400000| Untracked 
| 586|0x0000000692800000, 0x0000000692c00000, 0x0000000692c00000|100%| O|  |TAMS 0x0000000692c00000, 0x0000000692800000| Untracked 
| 587|0x0000000692c00000, 0x0000000693000000, 0x0000000693000000|100%| O|  |TAMS 0x0000000693000000, 0x0000000692c00000| Untracked 
| 588|0x0000000693000000, 0x0000000693400000, 0x0000000693400000|100%| O|  |TAMS 0x0000000693400000, 0x0000000693000000| Untracked 
| 589|0x0000000693400000, 0x0000000693800000, 0x0000000693800000|100%| O|  |TAMS 0x0000000693800000, 0x0000000693400000| Untracked 
| 590|0x0000000693800000, 0x0000000693c00000, 0x0000000693c00000|100%| O|  |TAMS 0x0000000693c00000, 0x0000000693800000| Untracked 
| 591|0x0000000693c00000, 0x0000000694000000, 0x0000000694000000|100%| O|  |TAMS 0x0000000694000000, 0x0000000693c00000| Untracked 
| 592|0x0000000694000000, 0x0000000694400000, 0x0000000694400000|100%| O|  |TAMS 0x0000000694400000, 0x0000000694000000| Untracked 
| 593|0x0000000694400000, 0x0000000694800000, 0x0000000694800000|100%| O|  |TAMS 0x0000000694800000, 0x0000000694400000| Untracked 
| 594|0x0000000694800000, 0x0000000694c00000, 0x0000000694c00000|100%| O|  |TAMS 0x0000000694c00000, 0x0000000694800000| Untracked 
| 595|0x0000000694c00000, 0x0000000695000000, 0x0000000695000000|100%| O|  |TAMS 0x0000000695000000, 0x0000000694c00000| Untracked 
| 596|0x0000000695000000, 0x0000000695400000, 0x0000000695400000|100%| O|  |TAMS 0x0000000695400000, 0x0000000695000000| Untracked 
| 597|0x0000000695400000, 0x0000000695800000, 0x0000000695800000|100%| O|  |TAMS 0x0000000695800000, 0x0000000695400000| Untracked 
| 598|0x0000000695800000, 0x0000000695c00000, 0x0000000695c00000|100%| O|  |TAMS 0x0000000695c00000, 0x0000000695800000| Untracked 
| 599|0x0000000695c00000, 0x0000000696000000, 0x0000000696000000|100%| O|  |TAMS 0x0000000696000000, 0x0000000695c00000| Untracked 
| 600|0x0000000696000000, 0x0000000696400000, 0x0000000696400000|100%| O|  |TAMS 0x0000000696400000, 0x0000000696000000| Untracked 
| 601|0x0000000696400000, 0x0000000696800000, 0x0000000696800000|100%| O|  |TAMS 0x0000000696800000, 0x0000000696400000| Updating 
| 602|0x0000000696800000, 0x0000000696c00000, 0x0000000696c00000|100%| O|  |TAMS 0x0000000696c00000, 0x0000000696800000| Untracked 
| 603|0x0000000696c00000, 0x0000000697000000, 0x0000000697000000|100%| O|  |TAMS 0x0000000697000000, 0x0000000696c00000| Untracked 
| 604|0x0000000697000000, 0x0000000697400000, 0x0000000697400000|100%| O|  |TAMS 0x0000000697400000, 0x0000000697000000| Untracked 
| 605|0x0000000697400000, 0x0000000697800000, 0x0000000697800000|100%| O|  |TAMS 0x0000000697800000, 0x0000000697400000| Untracked 
| 606|0x0000000697800000, 0x0000000697c00000, 0x0000000697c00000|100%| O|  |TAMS 0x0000000697c00000, 0x0000000697800000| Untracked 
| 607|0x0000000697c00000, 0x0000000698000000, 0x0000000698000000|100%| O|  |TAMS 0x0000000698000000, 0x0000000697c00000| Untracked 
| 608|0x0000000698000000, 0x0000000698400000, 0x0000000698400000|100%| O|  |TAMS 0x0000000698400000, 0x0000000698000000| Untracked 
| 609|0x0000000698400000, 0x0000000698800000, 0x0000000698800000|100%| O|  |TAMS 0x0000000698800000, 0x0000000698400000| Untracked 
| 610|0x0000000698800000, 0x0000000698c00000, 0x0000000698c00000|100%| O|  |TAMS 0x0000000698c00000, 0x0000000698800000| Untracked 
| 611|0x0000000698c00000, 0x0000000698fffff8, 0x0000000699000000| 99%| O|  |TAMS 0x0000000698fffff8, 0x0000000698c00000| Untracked 
| 612|0x0000000699000000, 0x0000000699400000, 0x0000000699400000|100%| O|  |TAMS 0x0000000699400000, 0x0000000699000000| Untracked 
| 613|0x0000000699400000, 0x0000000699800000, 0x0000000699800000|100%| O|  |TAMS 0x0000000699800000, 0x0000000699400000| Untracked 
| 614|0x0000000699800000, 0x0000000699c00000, 0x0000000699c00000|100%| O|  |TAMS 0x0000000699c00000, 0x0000000699800000| Untracked 
| 615|0x0000000699c00000, 0x000000069a000000, 0x000000069a000000|100%| O|  |TAMS 0x000000069a000000, 0x0000000699c00000| Untracked 
| 616|0x000000069a000000, 0x000000069a400000, 0x000000069a400000|100%| O|  |TAMS 0x000000069a400000, 0x000000069a000000| Untracked 
| 617|0x000000069a400000, 0x000000069a800000, 0x000000069a800000|100%| O|  |TAMS 0x000000069a800000, 0x000000069a400000| Untracked 
| 618|0x000000069a800000, 0x000000069ac00000, 0x000000069ac00000|100%| O|  |TAMS 0x000000069ac00000, 0x000000069a800000| Untracked 
| 619|0x000000069ac00000, 0x000000069b000000, 0x000000069b000000|100%| O|  |TAMS 0x000000069b000000, 0x000000069ac00000| Untracked 
| 620|0x000000069b000000, 0x000000069b400000, 0x000000069b400000|100%| O|  |TAMS 0x000000069b400000, 0x000000069b000000| Untracked 
| 621|0x000000069b400000, 0x000000069b800000, 0x000000069b800000|100%| O|  |TAMS 0x000000069b800000, 0x000000069b400000| Untracked 
| 622|0x000000069b800000, 0x000000069bc00000, 0x000000069bc00000|100%| O|  |TAMS 0x000000069bc00000, 0x000000069b800000| Untracked 
| 623|0x000000069bc00000, 0x000000069c000000, 0x000000069c000000|100%| O|  |TAMS 0x000000069c000000, 0x000000069bc00000| Untracked 
| 624|0x000000069c000000, 0x000000069c400000, 0x000000069c400000|100%| O|  |TAMS 0x000000069c400000, 0x000000069c000000| Untracked 
| 625|0x000000069c400000, 0x000000069c800000, 0x000000069c800000|100%| O|  |TAMS 0x000000069c800000, 0x000000069c400000| Untracked 
| 626|0x000000069c800000, 0x000000069cc00000, 0x000000069cc00000|100%| O|  |TAMS 0x000000069cc00000, 0x000000069c800000| Untracked 
| 627|0x000000069cc00000, 0x000000069d000000, 0x000000069d000000|100%| O|  |TAMS 0x000000069d000000, 0x000000069cc00000| Untracked 
| 628|0x000000069d000000, 0x000000069d400000, 0x000000069d400000|100%| O|  |TAMS 0x000000069d400000, 0x000000069d000000| Untracked 
| 629|0x000000069d400000, 0x000000069d800000, 0x000000069d800000|100%| O|  |TAMS 0x000000069d800000, 0x000000069d400000| Untracked 
| 630|0x000000069d800000, 0x000000069dc00000, 0x000000069dc00000|100%| O|  |TAMS 0x000000069dc00000, 0x000000069d800000| Untracked 
| 631|0x000000069dc00000, 0x000000069e000000, 0x000000069e000000|100%| O|  |TAMS 0x000000069e000000, 0x000000069dc00000| Untracked 
| 632|0x000000069e000000, 0x000000069e400000, 0x000000069e400000|100%| O|  |TAMS 0x000000069e400000, 0x000000069e000000| Untracked 
| 633|0x000000069e400000, 0x000000069e800000, 0x000000069e800000|100%| O|  |TAMS 0x000000069e800000, 0x000000069e400000| Untracked 
| 634|0x000000069e800000, 0x000000069ec00000, 0x000000069ec00000|100%| O|  |TAMS 0x000000069ec00000, 0x000000069e800000| Untracked 
| 635|0x000000069ec00000, 0x000000069f000000, 0x000000069f000000|100%| O|  |TAMS 0x000000069f000000, 0x000000069ec00000| Untracked 
| 636|0x000000069f000000, 0x000000069f400000, 0x000000069f400000|100%| O|  |TAMS 0x000000069f400000, 0x000000069f000000| Untracked 
| 637|0x000000069f400000, 0x000000069f7ffff8, 0x000000069f800000| 99%| O|  |TAMS 0x000000069f7ffff8, 0x000000069f400000| Untracked 
| 638|0x000000069f800000, 0x000000069fc00000, 0x000000069fc00000|100%| O|  |TAMS 0x000000069fc00000, 0x000000069f800000| Untracked 
| 639|0x000000069fc00000, 0x00000006a0000000, 0x00000006a0000000|100%| O|  |TAMS 0x00000006a0000000, 0x000000069fc00000| Untracked 
| 640|0x00000006a0000000, 0x00000006a0400000, 0x00000006a0400000|100%| O|  |TAMS 0x00000006a0400000, 0x00000006a0000000| Untracked 
| 641|0x00000006a0400000, 0x00000006a0800000, 0x00000006a0800000|100%| O|  |TAMS 0x00000006a0800000, 0x00000006a0400000| Untracked 
| 642|0x00000006a0800000, 0x00000006a0c00000, 0x00000006a0c00000|100%| O|  |TAMS 0x00000006a0c00000, 0x00000006a0800000| Untracked 
| 643|0x00000006a0c00000, 0x00000006a1000000, 0x00000006a1000000|100%| O|  |TAMS 0x00000006a1000000, 0x00000006a0c00000| Untracked 
| 644|0x00000006a1000000, 0x00000006a1400000, 0x00000006a1400000|100%| O|  |TAMS 0x00000006a1400000, 0x00000006a1000000| Untracked 
| 645|0x00000006a1400000, 0x00000006a1800000, 0x00000006a1800000|100%| O|  |TAMS 0x00000006a1800000, 0x00000006a1400000| Untracked 
| 646|0x00000006a1800000, 0x00000006a1c00000, 0x00000006a1c00000|100%| O|  |TAMS 0x00000006a1c00000, 0x00000006a1800000| Untracked 
| 647|0x00000006a1c00000, 0x00000006a2000000, 0x00000006a2000000|100%| O|  |TAMS 0x00000006a2000000, 0x00000006a1c00000| Untracked 
| 648|0x00000006a2000000, 0x00000006a2400000, 0x00000006a2400000|100%| O|  |TAMS 0x00000006a2400000, 0x00000006a2000000| Untracked 
| 649|0x00000006a2400000, 0x00000006a2800000, 0x00000006a2800000|100%| O|  |TAMS 0x00000006a2800000, 0x00000006a2400000| Untracked 
| 650|0x00000006a2800000, 0x00000006a2c00000, 0x00000006a2c00000|100%| O|  |TAMS 0x00000006a2c00000, 0x00000006a2800000| Untracked 
| 651|0x00000006a2c00000, 0x00000006a3000000, 0x00000006a3000000|100%| O|  |TAMS 0x00000006a3000000, 0x00000006a2c00000| Untracked 
| 652|0x00000006a3000000, 0x00000006a3400000, 0x00000006a3400000|100%| O|  |TAMS 0x00000006a3400000, 0x00000006a3000000| Untracked 
| 653|0x00000006a3400000, 0x00000006a3800000, 0x00000006a3800000|100%| O|  |TAMS 0x00000006a3800000, 0x00000006a3400000| Untracked 
| 654|0x00000006a3800000, 0x00000006a3c00000, 0x00000006a3c00000|100%| O|  |TAMS 0x00000006a3c00000, 0x00000006a3800000| Untracked 
| 655|0x00000006a3c00000, 0x00000006a4000000, 0x00000006a4000000|100%| O|  |TAMS 0x00000006a4000000, 0x00000006a3c00000| Untracked 
| 656|0x00000006a4000000, 0x00000006a4400000, 0x00000006a4400000|100%| O|  |TAMS 0x00000006a4400000, 0x00000006a4000000| Untracked 
| 657|0x00000006a4400000, 0x00000006a4800000, 0x00000006a4800000|100%| O|  |TAMS 0x00000006a4800000, 0x00000006a4400000| Untracked 
| 658|0x00000006a4800000, 0x00000006a4c00000, 0x00000006a4c00000|100%| O|  |TAMS 0x00000006a4c00000, 0x00000006a4800000| Untracked 
| 659|0x00000006a4c00000, 0x00000006a5000000, 0x00000006a5000000|100%| O|  |TAMS 0x00000006a5000000, 0x00000006a4c00000| Untracked 
| 660|0x00000006a5000000, 0x00000006a5400000, 0x00000006a5400000|100%| O|  |TAMS 0x00000006a5400000, 0x00000006a5000000| Untracked 
| 661|0x00000006a5400000, 0x00000006a5800000, 0x00000006a5800000|100%| O|  |TAMS 0x00000006a5800000, 0x00000006a5400000| Untracked 
| 662|0x00000006a5800000, 0x00000006a5c00000, 0x00000006a5c00000|100%| O|  |TAMS 0x00000006a5c00000, 0x00000006a5800000| Untracked 
| 663|0x00000006a5c00000, 0x00000006a6000000, 0x00000006a6000000|100%| O|  |TAMS 0x00000006a6000000, 0x00000006a5c00000| Untracked 
| 664|0x00000006a6000000, 0x00000006a6400000, 0x00000006a6400000|100%| O|  |TAMS 0x00000006a6400000, 0x00000006a6000000| Untracked 
| 665|0x00000006a6400000, 0x00000006a6800000, 0x00000006a6800000|100%| O|  |TAMS 0x00000006a6800000, 0x00000006a6400000| Untracked 
| 666|0x00000006a6800000, 0x00000006a6c00000, 0x00000006a6c00000|100%| O|  |TAMS 0x00000006a6c00000, 0x00000006a6800000| Untracked 
| 667|0x00000006a6c00000, 0x00000006a7000000, 0x00000006a7000000|100%| O|  |TAMS 0x00000006a7000000, 0x00000006a6c00000| Untracked 
| 668|0x00000006a7000000, 0x00000006a7400000, 0x00000006a7400000|100%| O|  |TAMS 0x00000006a7400000, 0x00000006a7000000| Untracked 
| 669|0x00000006a7400000, 0x00000006a7800000, 0x00000006a7800000|100%| O|  |TAMS 0x00000006a7800000, 0x00000006a7400000| Untracked 
| 670|0x00000006a7800000, 0x00000006a7c00000, 0x00000006a7c00000|100%| O|  |TAMS 0x00000006a7c00000, 0x00000006a7800000| Untracked 
| 671|0x00000006a7c00000, 0x00000006a8000000, 0x00000006a8000000|100%| O|  |TAMS 0x00000006a8000000, 0x00000006a7c00000| Untracked 
| 672|0x00000006a8000000, 0x00000006a8400000, 0x00000006a8400000|100%| O|  |TAMS 0x00000006a8400000, 0x00000006a8000000| Untracked 
| 673|0x00000006a8400000, 0x00000006a8800000, 0x00000006a8800000|100%| O|  |TAMS 0x00000006a8800000, 0x00000006a8400000| Updating 
| 674|0x00000006a8800000, 0x00000006a8800000, 0x00000006a8c00000|  0%| F|  |TAMS 0x00000006a8800000, 0x00000006a8800000| Untracked 
| 675|0x00000006a8c00000, 0x00000006a8c00000, 0x00000006a9000000|  0%| F|  |TAMS 0x00000006a8c00000, 0x00000006a8c00000| Untracked 
| 676|0x00000006a9000000, 0x00000006a9000000, 0x00000006a9400000|  0%| F|  |TAMS 0x00000006a9000000, 0x00000006a9000000| Untracked 
| 677|0x00000006a9400000, 0x00000006a9400000, 0x00000006a9800000|  0%| F|  |TAMS 0x00000006a9400000, 0x00000006a9400000| Untracked 
| 678|0x00000006a9800000, 0x00000006a9800000, 0x00000006a9c00000|  0%| F|  |TAMS 0x00000006a9800000, 0x00000006a9800000| Untracked 
| 679|0x00000006a9c00000, 0x00000006a9c00000, 0x00000006aa000000|  0%| F|  |TAMS 0x00000006a9c00000, 0x00000006a9c00000| Untracked 
| 680|0x00000006aa000000, 0x00000006aa400000, 0x00000006aa400000|100%| O|  |TAMS 0x00000006aa400000, 0x00000006aa000000| Updating 
| 681|0x00000006aa400000, 0x00000006aa400000, 0x00000006aa800000|  0%| F|  |TAMS 0x00000006aa400000, 0x00000006aa400000| Untracked 
| 682|0x00000006aa800000, 0x00000006aac00000, 0x00000006aac00000|100%| O|  |TAMS 0x00000006aac00000, 0x00000006aa800000| Updating 
| 683|0x00000006aac00000, 0x00000006aac00000, 0x00000006ab000000|  0%| F|  |TAMS 0x00000006aac00000, 0x00000006aac00000| Untracked 
| 684|0x00000006ab000000, 0x00000006ab400000, 0x00000006ab400000|100%| O|  |TAMS 0x00000006ab400000, 0x00000006ab000000| Updating 
| 685|0x00000006ab400000, 0x00000006ab400000, 0x00000006ab800000|  0%| F|  |TAMS 0x00000006ab400000, 0x00000006ab400000| Untracked 
| 686|0x00000006ab800000, 0x00000006abc00000, 0x00000006abc00000|100%| O|  |TAMS 0x00000006abc00000, 0x00000006ab800000| Updating 
| 687|0x00000006abc00000, 0x00000006ac000000, 0x00000006ac000000|100%| O|  |TAMS 0x00000006ac000000, 0x00000006abc00000| Updating 
| 688|0x00000006ac000000, 0x00000006ac000000, 0x00000006ac400000|  0%| F|  |TAMS 0x00000006ac000000, 0x00000006ac000000| Untracked 
| 689|0x00000006ac400000, 0x00000006ac800000, 0x00000006ac800000|100%| O|  |TAMS 0x00000006ac800000, 0x00000006ac400000| Updating 
| 690|0x00000006ac800000, 0x00000006acc00000, 0x00000006acc00000|100%| O|  |TAMS 0x00000006acc00000, 0x00000006ac800000| Updating 
| 691|0x00000006acc00000, 0x00000006ad000000, 0x00000006ad000000|100%| O|  |TAMS 0x00000006ad000000, 0x00000006acc00000| Updating 
| 692|0x00000006ad000000, 0x00000006ad400000, 0x00000006ad400000|100%| O|  |TAMS 0x00000006ad400000, 0x00000006ad000000| Updating 
| 693|0x00000006ad400000, 0x00000006ad800000, 0x00000006ad800000|100%| O|  |TAMS 0x00000006ad800000, 0x00000006ad400000| Updating 
| 694|0x00000006ad800000, 0x00000006adc00000, 0x00000006adc00000|100%| O|  |TAMS 0x00000006adc00000, 0x00000006ad800000| Updating 
| 695|0x00000006adc00000, 0x00000006ae000000, 0x00000006ae000000|100%| O|  |TAMS 0x00000006ae000000, 0x00000006adc00000| Updating 
| 696|0x00000006ae000000, 0x00000006ae000000, 0x00000006ae400000|  0%| F|  |TAMS 0x00000006ae000000, 0x00000006ae000000| Untracked 
| 697|0x00000006ae400000, 0x00000006ae400000, 0x00000006ae800000|  0%| F|  |TAMS 0x00000006ae400000, 0x00000006ae400000| Untracked 
| 698|0x00000006ae800000, 0x00000006aec00000, 0x00000006aec00000|100%| O|  |TAMS 0x00000006aec00000, 0x00000006ae800000| Updating 
| 699|0x00000006aec00000, 0x00000006af000000, 0x00000006af000000|100%| O|  |TAMS 0x00000006af000000, 0x00000006aec00000| Updating 
| 700|0x00000006af000000, 0x00000006af000000, 0x00000006af400000|  0%| F|  |TAMS 0x00000006af000000, 0x00000006af000000| Untracked 
| 701|0x00000006af400000, 0x00000006af400000, 0x00000006af800000|  0%| F|  |TAMS 0x00000006af400000, 0x00000006af400000| Untracked 
| 702|0x00000006af800000, 0x00000006af800000, 0x00000006afc00000|  0%| F|  |TAMS 0x00000006af800000, 0x00000006af800000| Untracked 
| 703|0x00000006afc00000, 0x00000006b0000000, 0x00000006b0000000|100%| O|  |TAMS 0x00000006b0000000, 0x00000006afc00000| Updating 
| 704|0x00000006b0000000, 0x00000006b0400000, 0x00000006b0400000|100%| O|  |TAMS 0x00000006b0400000, 0x00000006b0000000| Updating 
| 705|0x00000006b0400000, 0x00000006b0800000, 0x00000006b0800000|100%| O|  |TAMS 0x00000006b0800000, 0x00000006b0400000| Untracked 
| 706|0x00000006b0800000, 0x00000006b0c00000, 0x00000006b0c00000|100%| O|  |TAMS 0x00000006b0c00000, 0x00000006b0800000| Untracked 
| 707|0x00000006b0c00000, 0x00000006b1000000, 0x00000006b1000000|100%| O|  |TAMS 0x00000006b1000000, 0x00000006b0c00000| Updating 
| 708|0x00000006b1000000, 0x00000006b1400000, 0x00000006b1400000|100%| O|  |TAMS 0x00000006b1400000, 0x00000006b1000000| Untracked 
| 709|0x00000006b1400000, 0x00000006b1800000, 0x00000006b1800000|100%| O|  |TAMS 0x00000006b1800000, 0x00000006b1400000| Untracked 
| 710|0x00000006b1800000, 0x00000006b1c00000, 0x00000006b1c00000|100%| O|  |TAMS 0x00000006b1c00000, 0x00000006b1800000| Untracked 
| 711|0x00000006b1c00000, 0x00000006b2000000, 0x00000006b2000000|100%| O|  |TAMS 0x00000006b2000000, 0x00000006b1c00000| Untracked 
| 712|0x00000006b2000000, 0x00000006b2400000, 0x00000006b2400000|100%| O|  |TAMS 0x00000006b2400000, 0x00000006b2000000| Untracked 
| 713|0x00000006b2400000, 0x00000006b2800000, 0x00000006b2800000|100%| O|  |TAMS 0x00000006b2800000, 0x00000006b2400000| Untracked 
| 714|0x00000006b2800000, 0x00000006b2c00000, 0x00000006b2c00000|100%| O|  |TAMS 0x00000006b2c00000, 0x00000006b2800000| Untracked 
| 715|0x00000006b2c00000, 0x00000006b3000000, 0x00000006b3000000|100%| O|  |TAMS 0x00000006b3000000, 0x00000006b2c00000| Untracked 
| 716|0x00000006b3000000, 0x00000006b3400000, 0x00000006b3400000|100%| O|  |TAMS 0x00000006b3400000, 0x00000006b3000000| Untracked 
| 717|0x00000006b3400000, 0x00000006b3800000, 0x00000006b3800000|100%| O|  |TAMS 0x00000006b3800000, 0x00000006b3400000| Untracked 
| 718|0x00000006b3800000, 0x00000006b3c00000, 0x00000006b3c00000|100%| O|  |TAMS 0x00000006b3c00000, 0x00000006b3800000| Untracked 
| 719|0x00000006b3c00000, 0x00000006b4000000, 0x00000006b4000000|100%| O|  |TAMS 0x00000006b4000000, 0x00000006b3c00000| Untracked 
| 720|0x00000006b4000000, 0x00000006b4400000, 0x00000006b4400000|100%| O|  |TAMS 0x00000006b4400000, 0x00000006b4000000| Untracked 
| 721|0x00000006b4400000, 0x00000006b4800000, 0x00000006b4800000|100%| O|  |TAMS 0x00000006b4800000, 0x00000006b4400000| Untracked 
| 722|0x00000006b4800000, 0x00000006b4c00000, 0x00000006b4c00000|100%| O|  |TAMS 0x00000006b4c00000, 0x00000006b4800000| Untracked 
| 723|0x00000006b4c00000, 0x00000006b5000000, 0x00000006b5000000|100%| O|  |TAMS 0x00000006b5000000, 0x00000006b4c00000| Untracked 
| 724|0x00000006b5000000, 0x00000006b5400000, 0x00000006b5400000|100%| O|  |TAMS 0x00000006b5400000, 0x00000006b5000000| Untracked 
| 725|0x00000006b5400000, 0x00000006b5800000, 0x00000006b5800000|100%| O|  |TAMS 0x00000006b5800000, 0x00000006b5400000| Untracked 
| 726|0x00000006b5800000, 0x00000006b5c00000, 0x00000006b5c00000|100%| O|  |TAMS 0x00000006b5c00000, 0x00000006b5800000| Untracked 
| 727|0x00000006b5c00000, 0x00000006b6000000, 0x00000006b6000000|100%| O|  |TAMS 0x00000006b6000000, 0x00000006b5c00000| Untracked 
| 728|0x00000006b6000000, 0x00000006b6400000, 0x00000006b6400000|100%| O|  |TAMS 0x00000006b6400000, 0x00000006b6000000| Untracked 
| 729|0x00000006b6400000, 0x00000006b6800000, 0x00000006b6800000|100%| O|  |TAMS 0x00000006b6800000, 0x00000006b6400000| Untracked 
| 730|0x00000006b6800000, 0x00000006b6c00000, 0x00000006b6c00000|100%| O|  |TAMS 0x00000006b6c00000, 0x00000006b6800000| Untracked 
| 731|0x00000006b6c00000, 0x00000006b7000000, 0x00000006b7000000|100%| O|  |TAMS 0x00000006b7000000, 0x00000006b6c00000| Untracked 
| 732|0x00000006b7000000, 0x00000006b7400000, 0x00000006b7400000|100%| O|  |TAMS 0x00000006b7400000, 0x00000006b7000000| Untracked 
| 733|0x00000006b7400000, 0x00000006b7800000, 0x00000006b7800000|100%| O|  |TAMS 0x00000006b7800000, 0x00000006b7400000| Untracked 
| 734|0x00000006b7800000, 0x00000006b7c00000, 0x00000006b7c00000|100%| O|  |TAMS 0x00000006b7c00000, 0x00000006b7800000| Untracked 
| 735|0x00000006b7c00000, 0x00000006b8000000, 0x00000006b8000000|100%| O|  |TAMS 0x00000006b8000000, 0x00000006b7c00000| Untracked 
| 736|0x00000006b8000000, 0x00000006b8400000, 0x00000006b8400000|100%| O|  |TAMS 0x00000006b8400000, 0x00000006b8000000| Untracked 
| 737|0x00000006b8400000, 0x00000006b8800000, 0x00000006b8800000|100%| O|  |TAMS 0x00000006b8800000, 0x00000006b8400000| Untracked 
| 738|0x00000006b8800000, 0x00000006b8c00000, 0x00000006b8c00000|100%| O|  |TAMS 0x00000006b8c00000, 0x00000006b8800000| Untracked 
| 739|0x00000006b8c00000, 0x00000006b9000000, 0x00000006b9000000|100%| O|  |TAMS 0x00000006b9000000, 0x00000006b8c00000| Untracked 
| 740|0x00000006b9000000, 0x00000006b9400000, 0x00000006b9400000|100%| O|  |TAMS 0x00000006b9400000, 0x00000006b9000000| Untracked 
| 741|0x00000006b9400000, 0x00000006b9800000, 0x00000006b9800000|100%| O|  |TAMS 0x00000006b9800000, 0x00000006b9400000| Untracked 
| 742|0x00000006b9800000, 0x00000006b9c00000, 0x00000006b9c00000|100%| O|  |TAMS 0x00000006b9c00000, 0x00000006b9800000| Untracked 
| 743|0x00000006b9c00000, 0x00000006ba000000, 0x00000006ba000000|100%| O|  |TAMS 0x00000006ba000000, 0x00000006b9c00000| Untracked 
| 744|0x00000006ba000000, 0x00000006ba400000, 0x00000006ba400000|100%| O|  |TAMS 0x00000006ba400000, 0x00000006ba000000| Untracked 
| 745|0x00000006ba400000, 0x00000006ba800000, 0x00000006ba800000|100%| O|  |TAMS 0x00000006ba800000, 0x00000006ba400000| Untracked 
| 746|0x00000006ba800000, 0x00000006bac00000, 0x00000006bac00000|100%| O|  |TAMS 0x00000006bac00000, 0x00000006ba800000| Untracked 
| 747|0x00000006bac00000, 0x00000006bb000000, 0x00000006bb000000|100%| O|  |TAMS 0x00000006bb000000, 0x00000006bac00000| Untracked 
| 748|0x00000006bb000000, 0x00000006bb400000, 0x00000006bb400000|100%| O|  |TAMS 0x00000006bb400000, 0x00000006bb000000| Untracked 
| 749|0x00000006bb400000, 0x00000006bb800000, 0x00000006bb800000|100%| O|  |TAMS 0x00000006bb800000, 0x00000006bb400000| Untracked 
| 750|0x00000006bb800000, 0x00000006bbc00000, 0x00000006bbc00000|100%| O|  |TAMS 0x00000006bbc00000, 0x00000006bb800000| Untracked 
| 751|0x00000006bbc00000, 0x00000006bc000000, 0x00000006bc000000|100%| O|  |TAMS 0x00000006bc000000, 0x00000006bbc00000| Untracked 
| 752|0x00000006bc000000, 0x00000006bc400000, 0x00000006bc400000|100%| O|  |TAMS 0x00000006bc400000, 0x00000006bc000000| Untracked 
| 753|0x00000006bc400000, 0x00000006bc800000, 0x00000006bc800000|100%| O|  |TAMS 0x00000006bc800000, 0x00000006bc400000| Untracked 
| 754|0x00000006bc800000, 0x00000006bcc00000, 0x00000006bcc00000|100%| O|  |TAMS 0x00000006bcc00000, 0x00000006bc800000| Untracked 
| 755|0x00000006bcc00000, 0x00000006bd000000, 0x00000006bd000000|100%| O|  |TAMS 0x00000006bd000000, 0x00000006bcc00000| Untracked 
| 756|0x00000006bd000000, 0x00000006bd400000, 0x00000006bd400000|100%| O|  |TAMS 0x00000006bd400000, 0x00000006bd000000| Untracked 
| 757|0x00000006bd400000, 0x00000006bd800000, 0x00000006bd800000|100%| O|  |TAMS 0x00000006bd800000, 0x00000006bd400000| Untracked 
| 758|0x00000006bd800000, 0x00000006bdc00000, 0x00000006bdc00000|100%| O|  |TAMS 0x00000006bdc00000, 0x00000006bd800000| Untracked 
| 759|0x00000006bdc00000, 0x00000006be000000, 0x00000006be000000|100%| O|  |TAMS 0x00000006be000000, 0x00000006bdc00000| Untracked 
| 760|0x00000006be000000, 0x00000006be400000, 0x00000006be400000|100%| O|  |TAMS 0x00000006be400000, 0x00000006be000000| Untracked 
| 761|0x00000006be400000, 0x00000006be800000, 0x00000006be800000|100%| O|  |TAMS 0x00000006be800000, 0x00000006be400000| Untracked 
| 762|0x00000006be800000, 0x00000006bec00000, 0x00000006bec00000|100%| O|  |TAMS 0x00000006bec00000, 0x00000006be800000| Untracked 
| 763|0x00000006bec00000, 0x00000006bf000000, 0x00000006bf000000|100%| O|  |TAMS 0x00000006bf000000, 0x00000006bec00000| Untracked 
| 764|0x00000006bf000000, 0x00000006bf400000, 0x00000006bf400000|100%| O|  |TAMS 0x00000006bf400000, 0x00000006bf000000| Untracked 
| 765|0x00000006bf400000, 0x00000006bf800000, 0x00000006bf800000|100%| O|  |TAMS 0x00000006bf800000, 0x00000006bf400000| Untracked 
| 766|0x00000006bf800000, 0x00000006bfc00000, 0x00000006bfc00000|100%| O|  |TAMS 0x00000006bfc00000, 0x00000006bf800000| Untracked 
| 767|0x00000006bfc00000, 0x00000006c0000000, 0x00000006c0000000|100%| O|  |TAMS 0x00000006c0000000, 0x00000006bfc00000| Untracked 
| 768|0x00000006c0000000, 0x00000006c0400000, 0x00000006c0400000|100%| O|  |TAMS 0x00000006c0400000, 0x00000006c0000000| Updating 
| 769|0x00000006c0400000, 0x00000006c0800000, 0x00000006c0800000|100%| O|  |TAMS 0x00000006c0800000, 0x00000006c0400000| Untracked 
| 770|0x00000006c0800000, 0x00000006c0c00000, 0x00000006c0c00000|100%| O|  |TAMS 0x00000006c0c00000, 0x00000006c0800000| Untracked 
| 771|0x00000006c0c00000, 0x00000006c1000000, 0x00000006c1000000|100%| O|  |TAMS 0x00000006c1000000, 0x00000006c0c00000| Untracked 
| 772|0x00000006c1000000, 0x00000006c1400000, 0x00000006c1400000|100%| O|  |TAMS 0x00000006c1400000, 0x00000006c1000000| Untracked 
| 773|0x00000006c1400000, 0x00000006c1800000, 0x00000006c1800000|100%| O|  |TAMS 0x00000006c1800000, 0x00000006c1400000| Untracked 
| 774|0x00000006c1800000, 0x00000006c1c00000, 0x00000006c1c00000|100%| O|  |TAMS 0x00000006c1c00000, 0x00000006c1800000| Untracked 
| 775|0x00000006c1c00000, 0x00000006c2000000, 0x00000006c2000000|100%| O|  |TAMS 0x00000006c2000000, 0x00000006c1c00000| Untracked 
| 776|0x00000006c2000000, 0x00000006c2400000, 0x00000006c2400000|100%| O|  |TAMS 0x00000006c2400000, 0x00000006c2000000| Untracked 
| 777|0x00000006c2400000, 0x00000006c2800000, 0x00000006c2800000|100%| O|  |TAMS 0x00000006c2800000, 0x00000006c2400000| Untracked 
| 778|0x00000006c2800000, 0x00000006c2c00000, 0x00000006c2c00000|100%| O|  |TAMS 0x00000006c2c00000, 0x00000006c2800000| Untracked 
| 779|0x00000006c2c00000, 0x00000006c3000000, 0x00000006c3000000|100%| O|  |TAMS 0x00000006c3000000, 0x00000006c2c00000| Untracked 
| 780|0x00000006c3000000, 0x00000006c3400000, 0x00000006c3400000|100%| O|  |TAMS 0x00000006c3400000, 0x00000006c3000000| Untracked 
| 781|0x00000006c3400000, 0x00000006c3800000, 0x00000006c3800000|100%| O|  |TAMS 0x00000006c3800000, 0x00000006c3400000| Untracked 
| 782|0x00000006c3800000, 0x00000006c3c00000, 0x00000006c3c00000|100%| O|  |TAMS 0x00000006c3c00000, 0x00000006c3800000| Untracked 
| 783|0x00000006c3c00000, 0x00000006c4000000, 0x00000006c4000000|100%| O|  |TAMS 0x00000006c4000000, 0x00000006c3c00000| Untracked 
| 784|0x00000006c4000000, 0x00000006c4400000, 0x00000006c4400000|100%| O|  |TAMS 0x00000006c4400000, 0x00000006c4000000| Untracked 
| 785|0x00000006c4400000, 0x00000006c4800000, 0x00000006c4800000|100%| O|  |TAMS 0x00000006c4800000, 0x00000006c4400000| Untracked 
| 786|0x00000006c4800000, 0x00000006c4c00000, 0x00000006c4c00000|100%| O|  |TAMS 0x00000006c4c00000, 0x00000006c4800000| Untracked 
| 787|0x00000006c4c00000, 0x00000006c5000000, 0x00000006c5000000|100%| O|  |TAMS 0x00000006c5000000, 0x00000006c4c00000| Untracked 
| 788|0x00000006c5000000, 0x00000006c5400000, 0x00000006c5400000|100%| O|  |TAMS 0x00000006c5400000, 0x00000006c5000000| Untracked 
| 789|0x00000006c5400000, 0x00000006c5800000, 0x00000006c5800000|100%| O|  |TAMS 0x00000006c5800000, 0x00000006c5400000| Untracked 
| 790|0x00000006c5800000, 0x00000006c5c00000, 0x00000006c5c00000|100%| O|  |TAMS 0x00000006c5c00000, 0x00000006c5800000| Untracked 
| 791|0x00000006c5c00000, 0x00000006c6000000, 0x00000006c6000000|100%| O|  |TAMS 0x00000006c6000000, 0x00000006c5c00000| Untracked 
| 792|0x00000006c6000000, 0x00000006c6400000, 0x00000006c6400000|100%| O|  |TAMS 0x00000006c6400000, 0x00000006c6000000| Untracked 
| 793|0x00000006c6400000, 0x00000006c6800000, 0x00000006c6800000|100%| O|  |TAMS 0x00000006c6800000, 0x00000006c6400000| Updating 
| 794|0x00000006c6800000, 0x00000006c6c00000, 0x00000006c6c00000|100%| O|  |TAMS 0x00000006c6c00000, 0x00000006c6800000| Updating 
| 795|0x00000006c6c00000, 0x00000006c7000000, 0x00000006c7000000|100%| O|  |TAMS 0x00000006c7000000, 0x00000006c6c00000| Updating 
| 796|0x00000006c7000000, 0x00000006c7400000, 0x00000006c7400000|100%| O|  |TAMS 0x00000006c7400000, 0x00000006c7000000| Updating 
| 797|0x00000006c7400000, 0x00000006c7800000, 0x00000006c7800000|100%| O|  |TAMS 0x00000006c7800000, 0x00000006c7400000| Untracked 
| 798|0x00000006c7800000, 0x00000006c7c00000, 0x00000006c7c00000|100%| O|  |TAMS 0x00000006c7c00000, 0x00000006c7800000| Untracked 
| 799|0x00000006c7c00000, 0x00000006c8000000, 0x00000006c8000000|100%| O|  |TAMS 0x00000006c8000000, 0x00000006c7c00000| Untracked 
| 800|0x00000006c8000000, 0x00000006c8400000, 0x00000006c8400000|100%| O|  |TAMS 0x00000006c8400000, 0x00000006c8000000| Untracked 
| 801|0x00000006c8400000, 0x00000006c8800000, 0x00000006c8800000|100%| O|  |TAMS 0x00000006c8800000, 0x00000006c8400000| Untracked 
| 802|0x00000006c8800000, 0x00000006c8c00000, 0x00000006c8c00000|100%| O|  |TAMS 0x00000006c8c00000, 0x00000006c8800000| Untracked 
| 803|0x00000006c8c00000, 0x00000006c9000000, 0x00000006c9000000|100%| O|  |TAMS 0x00000006c9000000, 0x00000006c8c00000| Untracked 
| 804|0x00000006c9000000, 0x00000006c9400000, 0x00000006c9400000|100%| O|  |TAMS 0x00000006c9400000, 0x00000006c9000000| Untracked 
| 805|0x00000006c9400000, 0x00000006c9800000, 0x00000006c9800000|100%| O|  |TAMS 0x00000006c9800000, 0x00000006c9400000| Updating 
| 806|0x00000006c9800000, 0x00000006c9c00000, 0x00000006c9c00000|100%| O|  |TAMS 0x00000006c9c00000, 0x00000006c9800000| Updating 
| 807|0x00000006c9c00000, 0x00000006ca000000, 0x00000006ca000000|100%| O|  |TAMS 0x00000006ca000000, 0x00000006c9c00000| Updating 
| 808|0x00000006ca000000, 0x00000006ca400000, 0x00000006ca400000|100%| O|  |TAMS 0x00000006ca400000, 0x00000006ca000000| Updating 
| 809|0x00000006ca400000, 0x00000006ca800000, 0x00000006ca800000|100%| O|  |TAMS 0x00000006ca800000, 0x00000006ca400000| Updating 
| 810|0x00000006ca800000, 0x00000006cac00000, 0x00000006cac00000|100%| O|  |TAMS 0x00000006cac00000, 0x00000006ca800000| Untracked 
| 811|0x00000006cac00000, 0x00000006cb000000, 0x00000006cb000000|100%| O|  |TAMS 0x00000006cb000000, 0x00000006cac00000| Untracked 
| 812|0x00000006cb000000, 0x00000006cb400000, 0x00000006cb400000|100%| O|  |TAMS 0x00000006cb400000, 0x00000006cb000000| Untracked 
| 813|0x00000006cb400000, 0x00000006cb800000, 0x00000006cb800000|100%| O|  |TAMS 0x00000006cb800000, 0x00000006cb400000| Untracked 
| 814|0x00000006cb800000, 0x00000006cbc00000, 0x00000006cbc00000|100%| O|  |TAMS 0x00000006cbc00000, 0x00000006cb800000| Untracked 
| 815|0x00000006cbc00000, 0x00000006cc000000, 0x00000006cc000000|100%| O|  |TAMS 0x00000006cc000000, 0x00000006cbc00000| Untracked 
| 816|0x00000006cc000000, 0x00000006cc400000, 0x00000006cc400000|100%| O|  |TAMS 0x00000006cc400000, 0x00000006cc000000| Untracked 
| 817|0x00000006cc400000, 0x00000006cc800000, 0x00000006cc800000|100%| O|  |TAMS 0x00000006cc800000, 0x00000006cc400000| Untracked 
| 818|0x00000006cc800000, 0x00000006ccc00000, 0x00000006ccc00000|100%| O|  |TAMS 0x00000006ccc00000, 0x00000006cc800000| Untracked 
| 819|0x00000006ccc00000, 0x00000006cd000000, 0x00000006cd000000|100%| O|  |TAMS 0x00000006cd000000, 0x00000006ccc00000| Untracked 
| 820|0x00000006cd000000, 0x00000006cd400000, 0x00000006cd400000|100%| O|  |TAMS 0x00000006cd400000, 0x00000006cd000000| Untracked 
| 821|0x00000006cd400000, 0x00000006cd800000, 0x00000006cd800000|100%| O|  |TAMS 0x00000006cd800000, 0x00000006cd400000| Untracked 
| 822|0x00000006cd800000, 0x00000006cdc00000, 0x00000006cdc00000|100%| O|  |TAMS 0x00000006cdc00000, 0x00000006cd800000| Untracked 
| 823|0x00000006cdc00000, 0x00000006ce000000, 0x00000006ce000000|100%| O|  |TAMS 0x00000006ce000000, 0x00000006cdc00000| Untracked 
| 824|0x00000006ce000000, 0x00000006ce400000, 0x00000006ce400000|100%| O|  |TAMS 0x00000006ce400000, 0x00000006ce000000| Untracked 
| 825|0x00000006ce400000, 0x00000006ce800000, 0x00000006ce800000|100%| O|  |TAMS 0x00000006ce800000, 0x00000006ce400000| Untracked 
| 826|0x00000006ce800000, 0x00000006cec00000, 0x00000006cec00000|100%| O|  |TAMS 0x00000006cec00000, 0x00000006ce800000| Untracked 
| 827|0x00000006cec00000, 0x00000006cf000000, 0x00000006cf000000|100%| O|  |TAMS 0x00000006cf000000, 0x00000006cec00000| Untracked 
| 828|0x00000006cf000000, 0x00000006cf400000, 0x00000006cf400000|100%| O|  |TAMS 0x00000006cf400000, 0x00000006cf000000| Untracked 
| 829|0x00000006cf400000, 0x00000006cf800000, 0x00000006cf800000|100%| O|  |TAMS 0x00000006cf800000, 0x00000006cf400000| Untracked 
| 830|0x00000006cf800000, 0x00000006cfc00000, 0x00000006cfc00000|100%| O|  |TAMS 0x00000006cfc00000, 0x00000006cf800000| Untracked 
| 831|0x00000006cfc00000, 0x00000006d0000000, 0x00000006d0000000|100%| O|  |TAMS 0x00000006d0000000, 0x00000006cfc00000| Untracked 
| 832|0x00000006d0000000, 0x00000006d0400000, 0x00000006d0400000|100%| O|  |TAMS 0x00000006d0400000, 0x00000006d0000000| Untracked 
| 833|0x00000006d0400000, 0x00000006d0800000, 0x00000006d0800000|100%| O|  |TAMS 0x00000006d0800000, 0x00000006d0400000| Untracked 
| 834|0x00000006d0800000, 0x00000006d0c00000, 0x00000006d0c00000|100%| O|  |TAMS 0x00000006d0c00000, 0x00000006d0800000| Untracked 
| 835|0x00000006d0c00000, 0x00000006d1000000, 0x00000006d1000000|100%| O|  |TAMS 0x00000006d1000000, 0x00000006d0c00000| Untracked 
| 836|0x00000006d1000000, 0x00000006d1400000, 0x00000006d1400000|100%| O|  |TAMS 0x00000006d1400000, 0x00000006d1000000| Untracked 
| 837|0x00000006d1400000, 0x00000006d1800000, 0x00000006d1800000|100%| O|  |TAMS 0x00000006d1800000, 0x00000006d1400000| Untracked 
| 838|0x00000006d1800000, 0x00000006d1c00000, 0x00000006d1c00000|100%| O|  |TAMS 0x00000006d1c00000, 0x00000006d1800000| Untracked 
| 839|0x00000006d1c00000, 0x00000006d2000000, 0x00000006d2000000|100%| O|  |TAMS 0x00000006d2000000, 0x00000006d1c00000| Untracked 
| 840|0x00000006d2000000, 0x00000006d2400000, 0x00000006d2400000|100%| O|  |TAMS 0x00000006d2400000, 0x00000006d2000000| Untracked 
| 841|0x00000006d2400000, 0x00000006d2800000, 0x00000006d2800000|100%| O|  |TAMS 0x00000006d2800000, 0x00000006d2400000| Untracked 
| 842|0x00000006d2800000, 0x00000006d2c00000, 0x00000006d2c00000|100%| O|  |TAMS 0x00000006d2c00000, 0x00000006d2800000| Untracked 
| 843|0x00000006d2c00000, 0x00000006d3000000, 0x00000006d3000000|100%| O|  |TAMS 0x00000006d3000000, 0x00000006d2c00000| Untracked 
| 844|0x00000006d3000000, 0x00000006d3400000, 0x00000006d3400000|100%| O|  |TAMS 0x00000006d3400000, 0x00000006d3000000| Untracked 
| 845|0x00000006d3400000, 0x00000006d3800000, 0x00000006d3800000|100%| O|  |TAMS 0x00000006d3800000, 0x00000006d3400000| Untracked 
| 846|0x00000006d3800000, 0x00000006d3c00000, 0x00000006d3c00000|100%| O|  |TAMS 0x00000006d3c00000, 0x00000006d3800000| Untracked 
| 847|0x00000006d3c00000, 0x00000006d4000000, 0x00000006d4000000|100%| O|  |TAMS 0x00000006d4000000, 0x00000006d3c00000| Untracked 
| 848|0x00000006d4000000, 0x00000006d4400000, 0x00000006d4400000|100%| O|  |TAMS 0x00000006d4400000, 0x00000006d4000000| Untracked 
| 849|0x00000006d4400000, 0x00000006d4800000, 0x00000006d4800000|100%| O|  |TAMS 0x00000006d4800000, 0x00000006d4400000| Untracked 
| 850|0x00000006d4800000, 0x00000006d4c00000, 0x00000006d4c00000|100%| O|  |TAMS 0x00000006d4c00000, 0x00000006d4800000| Untracked 
| 851|0x00000006d4c00000, 0x00000006d5000000, 0x00000006d5000000|100%| O|  |TAMS 0x00000006d5000000, 0x00000006d4c00000| Untracked 
| 852|0x00000006d5000000, 0x00000006d5400000, 0x00000006d5400000|100%| O|  |TAMS 0x00000006d5400000, 0x00000006d5000000| Untracked 
| 853|0x00000006d5400000, 0x00000006d5800000, 0x00000006d5800000|100%| O|  |TAMS 0x00000006d5800000, 0x00000006d5400000| Untracked 
| 854|0x00000006d5800000, 0x00000006d5c00000, 0x00000006d5c00000|100%| O|  |TAMS 0x00000006d5c00000, 0x00000006d5800000| Untracked 
| 855|0x00000006d5c00000, 0x00000006d6000000, 0x00000006d6000000|100%| O|  |TAMS 0x00000006d6000000, 0x00000006d5c00000| Updating 
| 856|0x00000006d6000000, 0x00000006d6400000, 0x00000006d6400000|100%| O|  |TAMS 0x00000006d6400000, 0x00000006d6000000| Updating 
| 857|0x00000006d6400000, 0x00000006d6800000, 0x00000006d6800000|100%| O|  |TAMS 0x00000006d6800000, 0x00000006d6400000| Updating 
| 858|0x00000006d6800000, 0x00000006d6c00000, 0x00000006d6c00000|100%| O|  |TAMS 0x00000006d6c00000, 0x00000006d6800000| Untracked 
| 859|0x00000006d6c00000, 0x00000006d7000000, 0x00000006d7000000|100%| O|  |TAMS 0x00000006d7000000, 0x00000006d6c00000| Untracked 
| 860|0x00000006d7000000, 0x00000006d7400000, 0x00000006d7400000|100%| O|  |TAMS 0x00000006d7400000, 0x00000006d7000000| Untracked 
| 861|0x00000006d7400000, 0x00000006d7800000, 0x00000006d7800000|100%| O|  |TAMS 0x00000006d7800000, 0x00000006d7400000| Untracked 
| 862|0x00000006d7800000, 0x00000006d7c00000, 0x00000006d7c00000|100%| O|  |TAMS 0x00000006d7c00000, 0x00000006d7800000| Untracked 
| 863|0x00000006d7c00000, 0x00000006d8000000, 0x00000006d8000000|100%| O|  |TAMS 0x00000006d8000000, 0x00000006d7c00000| Untracked 
| 864|0x00000006d8000000, 0x00000006d8400000, 0x00000006d8400000|100%| O|  |TAMS 0x00000006d8400000, 0x00000006d8000000| Untracked 
| 865|0x00000006d8400000, 0x00000006d8800000, 0x00000006d8800000|100%| O|  |TAMS 0x00000006d8800000, 0x00000006d8400000| Untracked 
| 866|0x00000006d8800000, 0x00000006d8c00000, 0x00000006d8c00000|100%| O|  |TAMS 0x00000006d8c00000, 0x00000006d8800000| Untracked 
| 867|0x00000006d8c00000, 0x00000006d9000000, 0x00000006d9000000|100%| O|  |TAMS 0x00000006d9000000, 0x00000006d8c00000| Untracked 
| 868|0x00000006d9000000, 0x00000006d9400000, 0x00000006d9400000|100%| O|  |TAMS 0x00000006d9400000, 0x00000006d9000000| Untracked 
| 869|0x00000006d9400000, 0x00000006d9800000, 0x00000006d9800000|100%| O|  |TAMS 0x00000006d9800000, 0x00000006d9400000| Untracked 
| 870|0x00000006d9800000, 0x00000006d9c00000, 0x00000006d9c00000|100%| O|  |TAMS 0x00000006d9c00000, 0x00000006d9800000| Untracked 
| 871|0x00000006d9c00000, 0x00000006da000000, 0x00000006da000000|100%| O|  |TAMS 0x00000006da000000, 0x00000006d9c00000| Untracked 
| 872|0x00000006da000000, 0x00000006da400000, 0x00000006da400000|100%| O|  |TAMS 0x00000006da400000, 0x00000006da000000| Untracked 
| 873|0x00000006da400000, 0x00000006da800000, 0x00000006da800000|100%| O|  |TAMS 0x00000006da800000, 0x00000006da400000| Untracked 
| 874|0x00000006da800000, 0x00000006dac00000, 0x00000006dac00000|100%| O|  |TAMS 0x00000006dac00000, 0x00000006da800000| Untracked 
| 875|0x00000006dac00000, 0x00000006db000000, 0x00000006db000000|100%| O|  |TAMS 0x00000006db000000, 0x00000006dac00000| Updating 
| 876|0x00000006db000000, 0x00000006db000000, 0x00000006db400000|  0%| F|  |TAMS 0x00000006db000000, 0x00000006db000000| Untracked 
| 877|0x00000006db400000, 0x00000006db800000, 0x00000006db800000|100%| O|  |TAMS 0x00000006db800000, 0x00000006db400000| Updating 
| 878|0x00000006db800000, 0x00000006dbc00000, 0x00000006dbc00000|100%| O|  |TAMS 0x00000006dbc00000, 0x00000006db800000| Untracked 
| 879|0x00000006dbc00000, 0x00000006dc000000, 0x00000006dc000000|100%| O|  |TAMS 0x00000006dc000000, 0x00000006dbc00000| Untracked 
| 880|0x00000006dc000000, 0x00000006dc400000, 0x00000006dc400000|100%| O|  |TAMS 0x00000006dc400000, 0x00000006dc000000| Untracked 
| 881|0x00000006dc400000, 0x00000006dc800000, 0x00000006dc800000|100%| O|  |TAMS 0x00000006dc800000, 0x00000006dc400000| Untracked 
| 882|0x00000006dc800000, 0x00000006dcc00000, 0x00000006dcc00000|100%| O|  |TAMS 0x00000006dcc00000, 0x00000006dc800000| Untracked 
| 883|0x00000006dcc00000, 0x00000006dd000000, 0x00000006dd000000|100%| O|  |TAMS 0x00000006dd000000, 0x00000006dcc00000| Untracked 
| 884|0x00000006dd000000, 0x00000006dd400000, 0x00000006dd400000|100%| O|  |TAMS 0x00000006dd400000, 0x00000006dd000000| Untracked 
| 885|0x00000006dd400000, 0x00000006dd800000, 0x00000006dd800000|100%| O|  |TAMS 0x00000006dd800000, 0x00000006dd400000| Untracked 
| 886|0x00000006dd800000, 0x00000006ddc00000, 0x00000006ddc00000|100%| O|  |TAMS 0x00000006ddc00000, 0x00000006dd800000| Untracked 
| 887|0x00000006ddc00000, 0x00000006de000000, 0x00000006de000000|100%| O|  |TAMS 0x00000006de000000, 0x00000006ddc00000| Untracked 
| 888|0x00000006de000000, 0x00000006de400000, 0x00000006de400000|100%| O|  |TAMS 0x00000006de400000, 0x00000006de000000| Untracked 
| 889|0x00000006de400000, 0x00000006de800000, 0x00000006de800000|100%| O|  |TAMS 0x00000006de800000, 0x00000006de400000| Untracked 
| 890|0x00000006de800000, 0x00000006dec00000, 0x00000006dec00000|100%| O|  |TAMS 0x00000006dec00000, 0x00000006de800000| Untracked 
| 891|0x00000006dec00000, 0x00000006df000000, 0x00000006df000000|100%| O|  |TAMS 0x00000006df000000, 0x00000006dec00000| Untracked 
| 892|0x00000006df000000, 0x00000006df400000, 0x00000006df400000|100%| O|  |TAMS 0x00000006df400000, 0x00000006df000000| Untracked 
| 893|0x00000006df400000, 0x00000006df800000, 0x00000006df800000|100%| O|  |TAMS 0x00000006df800000, 0x00000006df400000| Untracked 
| 894|0x00000006df800000, 0x00000006dfc00000, 0x00000006dfc00000|100%| O|  |TAMS 0x00000006dfc00000, 0x00000006df800000| Untracked 
| 895|0x00000006dfc00000, 0x00000006e0000000, 0x00000006e0000000|100%| O|  |TAMS 0x00000006e0000000, 0x00000006dfc00000| Untracked 
| 896|0x00000006e0000000, 0x00000006e0400000, 0x00000006e0400000|100%| O|  |TAMS 0x00000006e0400000, 0x00000006e0000000| Untracked 
| 897|0x00000006e0400000, 0x00000006e0800000, 0x00000006e0800000|100%| O|  |TAMS 0x00000006e0800000, 0x00000006e0400000| Untracked 
| 898|0x00000006e0800000, 0x00000006e0c00000, 0x00000006e0c00000|100%| O|  |TAMS 0x00000006e0c00000, 0x00000006e0800000| Untracked 
| 899|0x00000006e0c00000, 0x00000006e1000000, 0x00000006e1000000|100%| O|  |TAMS 0x00000006e1000000, 0x00000006e0c00000| Untracked 
| 900|0x00000006e1000000, 0x00000006e1400000, 0x00000006e1400000|100%| O|  |TAMS 0x00000006e1400000, 0x00000006e1000000| Untracked 
| 901|0x00000006e1400000, 0x00000006e1800000, 0x00000006e1800000|100%| O|  |TAMS 0x00000006e1800000, 0x00000006e1400000| Untracked 
| 902|0x00000006e1800000, 0x00000006e1c00000, 0x00000006e1c00000|100%| O|  |TAMS 0x00000006e1c00000, 0x00000006e1800000| Untracked 
| 903|0x00000006e1c00000, 0x00000006e2000000, 0x00000006e2000000|100%| O|  |TAMS 0x00000006e2000000, 0x00000006e1c00000| Untracked 
| 904|0x00000006e2000000, 0x00000006e2400000, 0x00000006e2400000|100%| O|  |TAMS 0x00000006e2400000, 0x00000006e2000000| Untracked 
| 905|0x00000006e2400000, 0x00000006e2800000, 0x00000006e2800000|100%| O|  |TAMS 0x00000006e2800000, 0x00000006e2400000| Untracked 
| 906|0x00000006e2800000, 0x00000006e2c00000, 0x00000006e2c00000|100%| O|  |TAMS 0x00000006e2c00000, 0x00000006e2800000| Untracked 
| 907|0x00000006e2c00000, 0x00000006e3000000, 0x00000006e3000000|100%| O|  |TAMS 0x00000006e3000000, 0x00000006e2c00000| Untracked 
| 908|0x00000006e3000000, 0x00000006e3400000, 0x00000006e3400000|100%| O|  |TAMS 0x00000006e3400000, 0x00000006e3000000| Untracked 
| 909|0x00000006e3400000, 0x00000006e3800000, 0x00000006e3800000|100%| O|  |TAMS 0x00000006e3800000, 0x00000006e3400000| Untracked 
| 910|0x00000006e3800000, 0x00000006e3c00000, 0x00000006e3c00000|100%| O|  |TAMS 0x00000006e3c00000, 0x00000006e3800000| Untracked 
| 911|0x00000006e3c00000, 0x00000006e4000000, 0x00000006e4000000|100%| O|  |TAMS 0x00000006e4000000, 0x00000006e3c00000| Untracked 
| 912|0x00000006e4000000, 0x00000006e4400000, 0x00000006e4400000|100%| O|  |TAMS 0x00000006e4400000, 0x00000006e4000000| Untracked 
| 913|0x00000006e4400000, 0x00000006e4800000, 0x00000006e4800000|100%| O|  |TAMS 0x00000006e4800000, 0x00000006e4400000| Untracked 
| 914|0x00000006e4800000, 0x00000006e4c00000, 0x00000006e4c00000|100%| O|  |TAMS 0x00000006e4c00000, 0x00000006e4800000| Untracked 
| 915|0x00000006e4c00000, 0x00000006e5000000, 0x00000006e5000000|100%| O|  |TAMS 0x00000006e5000000, 0x00000006e4c00000| Untracked 
| 916|0x00000006e5000000, 0x00000006e5400000, 0x00000006e5400000|100%| O|  |TAMS 0x00000006e5400000, 0x00000006e5000000| Untracked 
| 917|0x00000006e5400000, 0x00000006e5800000, 0x00000006e5800000|100%| O|  |TAMS 0x00000006e5800000, 0x00000006e5400000| Untracked 
| 918|0x00000006e5800000, 0x00000006e5c00000, 0x00000006e5c00000|100%| O|  |TAMS 0x00000006e5c00000, 0x00000006e5800000| Untracked 
| 919|0x00000006e5c00000, 0x00000006e6000000, 0x00000006e6000000|100%| O|  |TAMS 0x00000006e6000000, 0x00000006e5c00000| Untracked 
| 920|0x00000006e6000000, 0x00000006e6400000, 0x00000006e6400000|100%| O|  |TAMS 0x00000006e6400000, 0x00000006e6000000| Untracked 
| 921|0x00000006e6400000, 0x00000006e6800000, 0x00000006e6800000|100%| O|  |TAMS 0x00000006e6800000, 0x00000006e6400000| Untracked 
| 922|0x00000006e6800000, 0x00000006e6c00000, 0x00000006e6c00000|100%| O|  |TAMS 0x00000006e6c00000, 0x00000006e6800000| Untracked 
| 923|0x00000006e6c00000, 0x00000006e7000000, 0x00000006e7000000|100%| O|  |TAMS 0x00000006e7000000, 0x00000006e6c00000| Untracked 
| 924|0x00000006e7000000, 0x00000006e7400000, 0x00000006e7400000|100%| O|  |TAMS 0x00000006e7400000, 0x00000006e7000000| Untracked 
| 925|0x00000006e7400000, 0x00000006e7800000, 0x00000006e7800000|100%| O|  |TAMS 0x00000006e7800000, 0x00000006e7400000| Untracked 
| 926|0x00000006e7800000, 0x00000006e7c00000, 0x00000006e7c00000|100%| O|  |TAMS 0x00000006e7c00000, 0x00000006e7800000| Untracked 
| 927|0x00000006e7c00000, 0x00000006e8000000, 0x00000006e8000000|100%| O|  |TAMS 0x00000006e8000000, 0x00000006e7c00000| Untracked 
| 928|0x00000006e8000000, 0x00000006e8400000, 0x00000006e8400000|100%| O|  |TAMS 0x00000006e8400000, 0x00000006e8000000| Untracked 
| 929|0x00000006e8400000, 0x00000006e8800000, 0x00000006e8800000|100%| O|  |TAMS 0x00000006e8800000, 0x00000006e8400000| Untracked 
| 930|0x00000006e8800000, 0x00000006e8c00000, 0x00000006e8c00000|100%| O|  |TAMS 0x00000006e8c00000, 0x00000006e8800000| Untracked 
| 931|0x00000006e8c00000, 0x00000006e9000000, 0x00000006e9000000|100%| O|  |TAMS 0x00000006e9000000, 0x00000006e8c00000| Untracked 
| 932|0x00000006e9000000, 0x00000006e9400000, 0x00000006e9400000|100%| O|  |TAMS 0x00000006e9400000, 0x00000006e9000000| Untracked 
| 933|0x00000006e9400000, 0x00000006e9800000, 0x00000006e9800000|100%| O|  |TAMS 0x00000006e9800000, 0x00000006e9400000| Untracked 
| 934|0x00000006e9800000, 0x00000006e9c00000, 0x00000006e9c00000|100%| O|  |TAMS 0x00000006e9c00000, 0x00000006e9800000| Untracked 
| 935|0x00000006e9c00000, 0x00000006ea000000, 0x00000006ea000000|100%| O|  |TAMS 0x00000006ea000000, 0x00000006e9c00000| Untracked 
| 936|0x00000006ea000000, 0x00000006ea400000, 0x00000006ea400000|100%| O|  |TAMS 0x00000006ea400000, 0x00000006ea000000| Untracked 
| 937|0x00000006ea400000, 0x00000006ea800000, 0x00000006ea800000|100%| O|  |TAMS 0x00000006ea800000, 0x00000006ea400000| Untracked 
| 938|0x00000006ea800000, 0x00000006eac00000, 0x00000006eac00000|100%| O|  |TAMS 0x00000006eac00000, 0x00000006ea800000| Untracked 
| 939|0x00000006eac00000, 0x00000006eb000000, 0x00000006eb000000|100%| O|  |TAMS 0x00000006eb000000, 0x00000006eac00000| Untracked 
| 940|0x00000006eb000000, 0x00000006eb400000, 0x00000006eb400000|100%| O|  |TAMS 0x00000006eb400000, 0x00000006eb000000| Untracked 
| 941|0x00000006eb400000, 0x00000006eb800000, 0x00000006eb800000|100%| O|  |TAMS 0x00000006eb800000, 0x00000006eb400000| Untracked 
| 942|0x00000006eb800000, 0x00000006ebc00000, 0x00000006ebc00000|100%| O|  |TAMS 0x00000006ebc00000, 0x00000006eb800000| Untracked 
| 943|0x00000006ebc00000, 0x00000006ec000000, 0x00000006ec000000|100%| O|  |TAMS 0x00000006ec000000, 0x00000006ebc00000| Untracked 
| 944|0x00000006ec000000, 0x00000006ec400000, 0x00000006ec400000|100%| O|  |TAMS 0x00000006ec400000, 0x00000006ec000000| Untracked 
| 945|0x00000006ec400000, 0x00000006ec800000, 0x00000006ec800000|100%| O|  |TAMS 0x00000006ec800000, 0x00000006ec400000| Untracked 
| 946|0x00000006ec800000, 0x00000006ecc00000, 0x00000006ecc00000|100%| O|  |TAMS 0x00000006ecc00000, 0x00000006ec800000| Updating 
| 947|0x00000006ecc00000, 0x00000006ed000000, 0x00000006ed000000|100%| O|  |TAMS 0x00000006ed000000, 0x00000006ecc00000| Untracked 
| 948|0x00000006ed000000, 0x00000006ed400000, 0x00000006ed400000|100%| O|  |TAMS 0x00000006ed400000, 0x00000006ed000000| Untracked 
| 949|0x00000006ed400000, 0x00000006ed800000, 0x00000006ed800000|100%| O|  |TAMS 0x00000006ed800000, 0x00000006ed400000| Untracked 
| 950|0x00000006ed800000, 0x00000006edc00000, 0x00000006edc00000|100%| O|  |TAMS 0x00000006edc00000, 0x00000006ed800000| Untracked 
| 951|0x00000006edc00000, 0x00000006ee000000, 0x00000006ee000000|100%| O|  |TAMS 0x00000006ee000000, 0x00000006edc00000| Untracked 
| 952|0x00000006ee000000, 0x00000006ee400000, 0x00000006ee400000|100%| O|  |TAMS 0x00000006ee400000, 0x00000006ee000000| Untracked 
| 953|0x00000006ee400000, 0x00000006ee800000, 0x00000006ee800000|100%| O|  |TAMS 0x00000006ee800000, 0x00000006ee400000| Untracked 
| 954|0x00000006ee800000, 0x00000006eec00000, 0x00000006eec00000|100%| O|  |TAMS 0x00000006eec00000, 0x00000006ee800000| Untracked 
| 955|0x00000006eec00000, 0x00000006ef000000, 0x00000006ef000000|100%| O|  |TAMS 0x00000006ef000000, 0x00000006eec00000| Untracked 
| 956|0x00000006ef000000, 0x00000006ef400000, 0x00000006ef400000|100%| O|  |TAMS 0x00000006ef400000, 0x00000006ef000000| Untracked 
| 957|0x00000006ef400000, 0x00000006ef800000, 0x00000006ef800000|100%| O|  |TAMS 0x00000006ef800000, 0x00000006ef400000| Untracked 
| 958|0x00000006ef800000, 0x00000006efc00000, 0x00000006efc00000|100%| O|  |TAMS 0x00000006efc00000, 0x00000006ef800000| Untracked 
| 959|0x00000006efc00000, 0x00000006f0000000, 0x00000006f0000000|100%| O|  |TAMS 0x00000006f0000000, 0x00000006efc00000| Untracked 
| 960|0x00000006f0000000, 0x00000006f0400000, 0x00000006f0400000|100%| O|  |TAMS 0x00000006f0400000, 0x00000006f0000000| Untracked 
| 961|0x00000006f0400000, 0x00000006f0800000, 0x00000006f0800000|100%| O|  |TAMS 0x00000006f0800000, 0x00000006f0400000| Untracked 
| 962|0x00000006f0800000, 0x00000006f0c00000, 0x00000006f0c00000|100%| O|  |TAMS 0x00000006f0c00000, 0x00000006f0800000| Untracked 
| 963|0x00000006f0c00000, 0x00000006f1000000, 0x00000006f1000000|100%| O|  |TAMS 0x00000006f1000000, 0x00000006f0c00000| Untracked 
| 964|0x00000006f1000000, 0x00000006f1400000, 0x00000006f1400000|100%| O|  |TAMS 0x00000006f1400000, 0x00000006f1000000| Untracked 
| 965|0x00000006f1400000, 0x00000006f1800000, 0x00000006f1800000|100%| O|  |TAMS 0x00000006f1800000, 0x00000006f1400000| Untracked 
| 966|0x00000006f1800000, 0x00000006f1c00000, 0x00000006f1c00000|100%| O|  |TAMS 0x00000006f1c00000, 0x00000006f1800000| Untracked 
| 967|0x00000006f1c00000, 0x00000006f2000000, 0x00000006f2000000|100%| O|  |TAMS 0x00000006f2000000, 0x00000006f1c00000| Untracked 
| 968|0x00000006f2000000, 0x00000006f2400000, 0x00000006f2400000|100%| O|  |TAMS 0x00000006f2400000, 0x00000006f2000000| Untracked 
| 969|0x00000006f2400000, 0x00000006f2800000, 0x00000006f2800000|100%| O|  |TAMS 0x00000006f2800000, 0x00000006f2400000| Untracked 
| 970|0x00000006f2800000, 0x00000006f2c00000, 0x00000006f2c00000|100%| O|  |TAMS 0x00000006f2c00000, 0x00000006f2800000| Untracked 
| 971|0x00000006f2c00000, 0x00000006f3000000, 0x00000006f3000000|100%| O|  |TAMS 0x00000006f3000000, 0x00000006f2c00000| Untracked 
| 972|0x00000006f3000000, 0x00000006f3400000, 0x00000006f3400000|100%| O|  |TAMS 0x00000006f3400000, 0x00000006f3000000| Untracked 
| 973|0x00000006f3400000, 0x00000006f3800000, 0x00000006f3800000|100%| O|  |TAMS 0x00000006f3800000, 0x00000006f3400000| Untracked 
| 974|0x00000006f3800000, 0x00000006f3c00000, 0x00000006f3c00000|100%| O|  |TAMS 0x00000006f3c00000, 0x00000006f3800000| Untracked 
| 975|0x00000006f3c00000, 0x00000006f4000000, 0x00000006f4000000|100%| O|  |TAMS 0x00000006f4000000, 0x00000006f3c00000| Untracked 
| 976|0x00000006f4000000, 0x00000006f4400000, 0x00000006f4400000|100%| O|  |TAMS 0x00000006f4400000, 0x00000006f4000000| Untracked 
| 977|0x00000006f4400000, 0x00000006f4800000, 0x00000006f4800000|100%| O|  |TAMS 0x00000006f4800000, 0x00000006f4400000| Untracked 
| 978|0x00000006f4800000, 0x00000006f4c00000, 0x00000006f4c00000|100%| O|  |TAMS 0x00000006f4c00000, 0x00000006f4800000| Untracked 
| 979|0x00000006f4c00000, 0x00000006f5000000, 0x00000006f5000000|100%| O|  |TAMS 0x00000006f5000000, 0x00000006f4c00000| Untracked 
| 980|0x00000006f5000000, 0x00000006f5400000, 0x00000006f5400000|100%| O|  |TAMS 0x00000006f5400000, 0x00000006f5000000| Updating 
| 981|0x00000006f5400000, 0x00000006f5800000, 0x00000006f5800000|100%| O|  |TAMS 0x00000006f5800000, 0x00000006f5400000| Updating 
| 982|0x00000006f5800000, 0x00000006f5c00000, 0x00000006f5c00000|100%| O|  |TAMS 0x00000006f5c00000, 0x00000006f5800000| Updating 
| 983|0x00000006f5c00000, 0x00000006f6000000, 0x00000006f6000000|100%| O|  |TAMS 0x00000006f6000000, 0x00000006f5c00000| Updating 
| 984|0x00000006f6000000, 0x00000006f6400000, 0x00000006f6400000|100%| O|  |TAMS 0x00000006f6400000, 0x00000006f6000000| Untracked 
| 985|0x00000006f6400000, 0x00000006f6800000, 0x00000006f6800000|100%| O|  |TAMS 0x00000006f6800000, 0x00000006f6400000| Untracked 
| 986|0x00000006f6800000, 0x00000006f6c00000, 0x00000006f6c00000|100%| O|  |TAMS 0x00000006f6c00000, 0x00000006f6800000| Untracked 
| 987|0x00000006f6c00000, 0x00000006f7000000, 0x00000006f7000000|100%| O|  |TAMS 0x00000006f7000000, 0x00000006f6c00000| Untracked 
| 988|0x00000006f7000000, 0x00000006f7400000, 0x00000006f7400000|100%| O|  |TAMS 0x00000006f7400000, 0x00000006f7000000| Untracked 
| 989|0x00000006f7400000, 0x00000006f7800000, 0x00000006f7800000|100%| O|  |TAMS 0x00000006f7800000, 0x00000006f7400000| Untracked 
| 990|0x00000006f7800000, 0x00000006f7c00000, 0x00000006f7c00000|100%| O|  |TAMS 0x00000006f7c00000, 0x00000006f7800000| Untracked 
| 991|0x00000006f7c00000, 0x00000006f8000000, 0x00000006f8000000|100%| O|  |TAMS 0x00000006f8000000, 0x00000006f7c00000| Untracked 
| 992|0x00000006f8000000, 0x00000006f8400000, 0x00000006f8400000|100%| O|  |TAMS 0x00000006f8400000, 0x00000006f8000000| Untracked 
| 993|0x00000006f8400000, 0x00000006f8800000, 0x00000006f8800000|100%| O|  |TAMS 0x00000006f8800000, 0x00000006f8400000| Untracked 
| 994|0x00000006f8800000, 0x00000006f8c00000, 0x00000006f8c00000|100%| O|  |TAMS 0x00000006f8c00000, 0x00000006f8800000| Untracked 
| 995|0x00000006f8c00000, 0x00000006f9000000, 0x00000006f9000000|100%| O|  |TAMS 0x00000006f9000000, 0x00000006f8c00000| Untracked 
| 996|0x00000006f9000000, 0x00000006f9400000, 0x00000006f9400000|100%| O|  |TAMS 0x00000006f9400000, 0x00000006f9000000| Untracked 
| 997|0x00000006f9400000, 0x00000006f9800000, 0x00000006f9800000|100%| O|  |TAMS 0x00000006f9800000, 0x00000006f9400000| Updating 
| 998|0x00000006f9800000, 0x00000006f9c00000, 0x00000006f9c00000|100%| O|  |TAMS 0x00000006f9c00000, 0x00000006f9800000| Updating 
| 999|0x00000006f9c00000, 0x00000006fa000000, 0x00000006fa000000|100%| O|  |TAMS 0x00000006fa000000, 0x00000006f9c00000| Updating 
|1000|0x00000006fa000000, 0x00000006fa400000, 0x00000006fa400000|100%| O|  |TAMS 0x00000006fa400000, 0x00000006fa000000| Updating 
|1001|0x00000006fa400000, 0x00000006fa800000, 0x00000006fa800000|100%| O|  |TAMS 0x00000006fa800000, 0x00000006fa400000| Updating 
|1002|0x00000006fa800000, 0x00000006fac00000, 0x00000006fac00000|100%| O|  |TAMS 0x00000006fac00000, 0x00000006fa800000| Untracked 
|1003|0x00000006fac00000, 0x00000006fb000000, 0x00000006fb000000|100%| O|  |TAMS 0x00000006fb000000, 0x00000006fac00000| Untracked 
|1004|0x00000006fb000000, 0x00000006fb400000, 0x00000006fb400000|100%| O|  |TAMS 0x00000006fb400000, 0x00000006fb000000| Untracked 
|1005|0x00000006fb400000, 0x00000006fb800000, 0x00000006fb800000|100%| O|  |TAMS 0x00000006fb800000, 0x00000006fb400000| Untracked 
|1006|0x00000006fb800000, 0x00000006fbc00000, 0x00000006fbc00000|100%| O|  |TAMS 0x00000006fbc00000, 0x00000006fb800000| Untracked 
|1007|0x00000006fbc00000, 0x00000006fc000000, 0x00000006fc000000|100%| O|  |TAMS 0x00000006fc000000, 0x00000006fbc00000| Untracked 
|1008|0x00000006fc000000, 0x00000006fc400000, 0x00000006fc400000|100%| O|  |TAMS 0x00000006fc400000, 0x00000006fc000000| Untracked 
|1009|0x00000006fc400000, 0x00000006fc800000, 0x00000006fc800000|100%| O|  |TAMS 0x00000006fc800000, 0x00000006fc400000| Untracked 
|1010|0x00000006fc800000, 0x00000006fcc00000, 0x00000006fcc00000|100%| O|  |TAMS 0x00000006fcc00000, 0x00000006fc800000| Untracked 
|1011|0x00000006fcc00000, 0x00000006fd000000, 0x00000006fd000000|100%| O|  |TAMS 0x00000006fd000000, 0x00000006fcc00000| Untracked 
|1012|0x00000006fd000000, 0x00000006fd400000, 0x00000006fd400000|100%| O|  |TAMS 0x00000006fd400000, 0x00000006fd000000| Untracked 
|1013|0x00000006fd400000, 0x00000006fd800000, 0x00000006fd800000|100%| O|  |TAMS 0x00000006fd800000, 0x00000006fd400000| Untracked 
|1014|0x00000006fd800000, 0x00000006fdc00000, 0x00000006fdc00000|100%| O|  |TAMS 0x00000006fdc00000, 0x00000006fd800000| Untracked 
|1015|0x00000006fdc00000, 0x00000006fe000000, 0x00000006fe000000|100%| O|  |TAMS 0x00000006fe000000, 0x00000006fdc00000| Untracked 
|1016|0x00000006fe000000, 0x00000006fe400000, 0x00000006fe400000|100%| O|  |TAMS 0x00000006fe400000, 0x00000006fe000000| Untracked 
|1017|0x00000006fe400000, 0x00000006fe800000, 0x00000006fe800000|100%| O|  |TAMS 0x00000006fe800000, 0x00000006fe400000| Untracked 
|1018|0x00000006fe800000, 0x00000006fec00000, 0x00000006fec00000|100%| O|  |TAMS 0x00000006fec00000, 0x00000006fe800000| Untracked 
|1019|0x00000006fec00000, 0x00000006ff000000, 0x00000006ff000000|100%| O|  |TAMS 0x00000006ff000000, 0x00000006fec00000| Untracked 
|1020|0x00000006ff000000, 0x00000006ff400000, 0x00000006ff400000|100%| O|  |TAMS 0x00000006ff400000, 0x00000006ff000000| Untracked 
|1021|0x00000006ff400000, 0x00000006ff800000, 0x00000006ff800000|100%| O|  |TAMS 0x00000006ff800000, 0x00000006ff400000| Untracked 
|1022|0x00000006ff800000, 0x00000006ffc00000, 0x00000006ffc00000|100%| O|  |TAMS 0x00000006ffc00000, 0x00000006ff800000| Untracked 
|1023|0x00000006ffc00000, 0x0000000700000000, 0x0000000700000000|100%| O|  |TAMS 0x0000000700000000, 0x00000006ffc00000| Untracked 
|1024|0x0000000700000000, 0x0000000700400000, 0x0000000700400000|100%| O|  |TAMS 0x0000000700400000, 0x0000000700000000| Untracked 
|1025|0x0000000700400000, 0x0000000700800000, 0x0000000700800000|100%| O|  |TAMS 0x0000000700800000, 0x0000000700400000| Untracked 
|1026|0x0000000700800000, 0x0000000700c00000, 0x0000000700c00000|100%| O|  |TAMS 0x0000000700c00000, 0x0000000700800000| Updating 
|1027|0x0000000700c00000, 0x0000000701000000, 0x0000000701000000|100%| O|  |TAMS 0x0000000701000000, 0x0000000700c00000| Updating 
|1028|0x0000000701000000, 0x0000000701400000, 0x0000000701400000|100%| O|  |TAMS 0x0000000701400000, 0x0000000701000000| Updating 
|1029|0x0000000701400000, 0x0000000701800000, 0x0000000701800000|100%| O|  |TAMS 0x0000000701800000, 0x0000000701400000| Updating 
|1030|0x0000000701800000, 0x0000000701c00000, 0x0000000701c00000|100%| O|  |TAMS 0x0000000701c00000, 0x0000000701800000| Untracked 
|1031|0x0000000701c00000, 0x0000000702000000, 0x0000000702000000|100%| O|  |TAMS 0x0000000702000000, 0x0000000701c00000| Untracked 
|1032|0x0000000702000000, 0x0000000702400000, 0x0000000702400000|100%| O|  |TAMS 0x0000000702400000, 0x0000000702000000| Untracked 
|1033|0x0000000702400000, 0x0000000702800000, 0x0000000702800000|100%| O|  |TAMS 0x0000000702800000, 0x0000000702400000| Untracked 
|1034|0x0000000702800000, 0x0000000702c00000, 0x0000000702c00000|100%| O|  |TAMS 0x0000000702c00000, 0x0000000702800000| Untracked 
|1035|0x0000000702c00000, 0x0000000703000000, 0x0000000703000000|100%| O|  |TAMS 0x0000000703000000, 0x0000000702c00000| Untracked 
|1036|0x0000000703000000, 0x0000000703400000, 0x0000000703400000|100%| O|  |TAMS 0x0000000703400000, 0x0000000703000000| Untracked 
|1037|0x0000000703400000, 0x0000000703800000, 0x0000000703800000|100%| O|  |TAMS 0x0000000703800000, 0x0000000703400000| Untracked 
|1038|0x0000000703800000, 0x0000000703c00000, 0x0000000703c00000|100%| O|  |TAMS 0x0000000703c00000, 0x0000000703800000| Untracked 
|1039|0x0000000703c00000, 0x0000000704000000, 0x0000000704000000|100%| O|  |TAMS 0x0000000704000000, 0x0000000703c00000| Untracked 
|1040|0x0000000704000000, 0x0000000704400000, 0x0000000704400000|100%| O|  |TAMS 0x0000000704400000, 0x0000000704000000| Untracked 
|1041|0x0000000704400000, 0x0000000704800000, 0x0000000704800000|100%| O|  |TAMS 0x0000000704800000, 0x0000000704400000| Untracked 
|1042|0x0000000704800000, 0x0000000704c00000, 0x0000000704c00000|100%| O|  |TAMS 0x0000000704c00000, 0x0000000704800000| Untracked 
|1043|0x0000000704c00000, 0x0000000705000000, 0x0000000705000000|100%| O|  |TAMS 0x0000000705000000, 0x0000000704c00000| Untracked 
|1044|0x0000000705000000, 0x0000000705400000, 0x0000000705400000|100%| O|  |TAMS 0x0000000705400000, 0x0000000705000000| Untracked 
|1045|0x0000000705400000, 0x0000000705800000, 0x0000000705800000|100%| O|  |TAMS 0x0000000705800000, 0x0000000705400000| Untracked 
|1046|0x0000000705800000, 0x0000000705c00000, 0x0000000705c00000|100%| O|  |TAMS 0x0000000705c00000, 0x0000000705800000| Untracked 
|1047|0x0000000705c00000, 0x0000000706000000, 0x0000000706000000|100%| O|  |TAMS 0x0000000706000000, 0x0000000705c00000| Untracked 
|1048|0x0000000706000000, 0x0000000706400000, 0x0000000706400000|100%| O|  |TAMS 0x0000000706400000, 0x0000000706000000| Untracked 
|1049|0x0000000706400000, 0x0000000706800000, 0x0000000706800000|100%| O|  |TAMS 0x0000000706800000, 0x0000000706400000| Untracked 
|1050|0x0000000706800000, 0x0000000706c00000, 0x0000000706c00000|100%| O|  |TAMS 0x0000000706c00000, 0x0000000706800000| Untracked 
|1051|0x0000000706c00000, 0x0000000707000000, 0x0000000707000000|100%| O|  |TAMS 0x0000000707000000, 0x0000000706c00000| Untracked 
|1052|0x0000000707000000, 0x0000000707400000, 0x0000000707400000|100%| O|  |TAMS 0x0000000707400000, 0x0000000707000000| Untracked 
|1053|0x0000000707400000, 0x0000000707800000, 0x0000000707800000|100%| O|  |TAMS 0x0000000707800000, 0x0000000707400000| Untracked 
|1054|0x0000000707800000, 0x0000000707c00000, 0x0000000707c00000|100%| O|  |TAMS 0x0000000707c00000, 0x0000000707800000| Untracked 
|1055|0x0000000707c00000, 0x0000000708000000, 0x0000000708000000|100%| O|  |TAMS 0x0000000708000000, 0x0000000707c00000| Untracked 
|1056|0x0000000708000000, 0x0000000708400000, 0x0000000708400000|100%| O|  |TAMS 0x0000000708400000, 0x0000000708000000| Untracked 
|1057|0x0000000708400000, 0x0000000708800000, 0x0000000708800000|100%| O|  |TAMS 0x0000000708800000, 0x0000000708400000| Updating 
|1058|0x0000000708800000, 0x0000000708c00000, 0x0000000708c00000|100%| O|  |TAMS 0x0000000708c00000, 0x0000000708800000| Untracked 
|1059|0x0000000708c00000, 0x0000000709000000, 0x0000000709000000|100%| O|  |TAMS 0x0000000709000000, 0x0000000708c00000| Untracked 
|1060|0x0000000709000000, 0x0000000709400000, 0x0000000709400000|100%| O|  |TAMS 0x0000000709400000, 0x0000000709000000| Untracked 
|1061|0x0000000709400000, 0x0000000709800000, 0x0000000709800000|100%| O|  |TAMS 0x0000000709800000, 0x0000000709400000| Untracked 
|1062|0x0000000709800000, 0x0000000709c00000, 0x0000000709c00000|100%| O|  |TAMS 0x0000000709c00000, 0x0000000709800000| Untracked 
|1063|0x0000000709c00000, 0x000000070a000000, 0x000000070a000000|100%| O|  |TAMS 0x000000070a000000, 0x0000000709c00000| Untracked 
|1064|0x000000070a000000, 0x000000070a400000, 0x000000070a400000|100%| O|  |TAMS 0x000000070a400000, 0x000000070a000000| Untracked 
|1065|0x000000070a400000, 0x000000070a800000, 0x000000070a800000|100%| O|  |TAMS 0x000000070a800000, 0x000000070a400000| Untracked 
|1066|0x000000070a800000, 0x000000070ac00000, 0x000000070ac00000|100%| O|  |TAMS 0x000000070ac00000, 0x000000070a800000| Untracked 
|1067|0x000000070ac00000, 0x000000070b000000, 0x000000070b000000|100%| O|  |TAMS 0x000000070b000000, 0x000000070ac00000| Untracked 
|1068|0x000000070b000000, 0x000000070b400000, 0x000000070b400000|100%| O|  |TAMS 0x000000070b400000, 0x000000070b000000| Untracked 
|1069|0x000000070b400000, 0x000000070b800000, 0x000000070b800000|100%| O|  |TAMS 0x000000070b800000, 0x000000070b400000| Untracked 
|1070|0x000000070b800000, 0x000000070bc00000, 0x000000070bc00000|100%| O|  |TAMS 0x000000070bc00000, 0x000000070b800000| Untracked 
|1071|0x000000070bc00000, 0x000000070c000000, 0x000000070c000000|100%| O|  |TAMS 0x000000070c000000, 0x000000070bc00000| Untracked 
|1072|0x000000070c000000, 0x000000070c400000, 0x000000070c400000|100%| O|  |TAMS 0x000000070c400000, 0x000000070c000000| Untracked 
|1073|0x000000070c400000, 0x000000070c800000, 0x000000070c800000|100%| O|  |TAMS 0x000000070c800000, 0x000000070c400000| Untracked 
|1074|0x000000070c800000, 0x000000070cc00000, 0x000000070cc00000|100%| O|  |TAMS 0x000000070cc00000, 0x000000070c800000| Untracked 
|1075|0x000000070cc00000, 0x000000070d000000, 0x000000070d000000|100%| O|  |TAMS 0x000000070d000000, 0x000000070cc00000| Untracked 
|1076|0x000000070d000000, 0x000000070d400000, 0x000000070d400000|100%| O|  |TAMS 0x000000070d400000, 0x000000070d000000| Untracked 
|1077|0x000000070d400000, 0x000000070d800000, 0x000000070d800000|100%| O|  |TAMS 0x000000070d800000, 0x000000070d400000| Untracked 
|1078|0x000000070d800000, 0x000000070dc00000, 0x000000070dc00000|100%| O|  |TAMS 0x000000070dc00000, 0x000000070d800000| Untracked 
|1079|0x000000070dc00000, 0x000000070e000000, 0x000000070e000000|100%| O|  |TAMS 0x000000070e000000, 0x000000070dc00000| Untracked 
|1080|0x000000070e000000, 0x000000070e400000, 0x000000070e400000|100%| O|  |TAMS 0x000000070e400000, 0x000000070e000000| Untracked 
|1081|0x000000070e400000, 0x000000070e800000, 0x000000070e800000|100%| O|  |TAMS 0x000000070e800000, 0x000000070e400000| Untracked 
|1082|0x000000070e800000, 0x000000070ec00000, 0x000000070ec00000|100%| O|  |TAMS 0x000000070ec00000, 0x000000070e800000| Untracked 
|1083|0x000000070ec00000, 0x000000070f000000, 0x000000070f000000|100%| O|  |TAMS 0x000000070f000000, 0x000000070ec00000| Untracked 
|1084|0x000000070f000000, 0x000000070f400000, 0x000000070f400000|100%| O|  |TAMS 0x000000070f400000, 0x000000070f000000| Untracked 
|1085|0x000000070f400000, 0x000000070f800000, 0x000000070f800000|100%| O|  |TAMS 0x000000070f800000, 0x000000070f400000| Untracked 
|1086|0x000000070f800000, 0x000000070fc00000, 0x000000070fc00000|100%| O|  |TAMS 0x000000070fc00000, 0x000000070f800000| Untracked 
|1087|0x000000070fc00000, 0x0000000710000000, 0x0000000710000000|100%| O|  |TAMS 0x0000000710000000, 0x000000070fc00000| Untracked 
|1088|0x0000000710000000, 0x0000000710400000, 0x0000000710400000|100%| O|  |TAMS 0x0000000710400000, 0x0000000710000000| Untracked 
|1089|0x0000000710400000, 0x0000000710800000, 0x0000000710800000|100%| O|  |TAMS 0x0000000710800000, 0x0000000710400000| Untracked 
|1090|0x0000000710800000, 0x0000000710c00000, 0x0000000710c00000|100%| O|  |TAMS 0x0000000710c00000, 0x0000000710800000| Untracked 
|1091|0x0000000710c00000, 0x0000000711000000, 0x0000000711000000|100%| O|  |TAMS 0x0000000711000000, 0x0000000710c00000| Untracked 
|1092|0x0000000711000000, 0x0000000711400000, 0x0000000711400000|100%| O|  |TAMS 0x0000000711400000, 0x0000000711000000| Untracked 
|1093|0x0000000711400000, 0x0000000711800000, 0x0000000711800000|100%| O|  |TAMS 0x0000000711800000, 0x0000000711400000| Untracked 
|1094|0x0000000711800000, 0x0000000711c00000, 0x0000000711c00000|100%| O|  |TAMS 0x0000000711c00000, 0x0000000711800000| Untracked 
|1095|0x0000000711c00000, 0x0000000712000000, 0x0000000712000000|100%| O|  |TAMS 0x0000000712000000, 0x0000000711c00000| Untracked 
|1096|0x0000000712000000, 0x0000000712400000, 0x0000000712400000|100%| O|  |TAMS 0x0000000712400000, 0x0000000712000000| Untracked 
|1097|0x0000000712400000, 0x0000000712800000, 0x0000000712800000|100%| O|  |TAMS 0x0000000712800000, 0x0000000712400000| Untracked 
|1098|0x0000000712800000, 0x0000000712c00000, 0x0000000712c00000|100%| O|  |TAMS 0x0000000712c00000, 0x0000000712800000| Untracked 
|1099|0x0000000712c00000, 0x0000000713000000, 0x0000000713000000|100%| O|  |TAMS 0x0000000713000000, 0x0000000712c00000| Untracked 
|1100|0x0000000713000000, 0x0000000713400000, 0x0000000713400000|100%| O|  |TAMS 0x0000000713400000, 0x0000000713000000| Untracked 
|1101|0x0000000713400000, 0x0000000713800000, 0x0000000713800000|100%| O|  |TAMS 0x0000000713800000, 0x0000000713400000| Untracked 
|1102|0x0000000713800000, 0x0000000713c00000, 0x0000000713c00000|100%| O|  |TAMS 0x0000000713c00000, 0x0000000713800000| Untracked 
|1103|0x0000000713c00000, 0x0000000714000000, 0x0000000714000000|100%| O|  |TAMS 0x0000000714000000, 0x0000000713c00000| Untracked 
|1104|0x0000000714000000, 0x0000000714400000, 0x0000000714400000|100%| O|  |TAMS 0x0000000714400000, 0x0000000714000000| Untracked 
|1105|0x0000000714400000, 0x0000000714800000, 0x0000000714800000|100%| O|  |TAMS 0x0000000714800000, 0x0000000714400000| Untracked 
|1106|0x0000000714800000, 0x0000000714c00000, 0x0000000714c00000|100%| O|  |TAMS 0x0000000714c00000, 0x0000000714800000| Untracked 
|1107|0x0000000714c00000, 0x0000000715000000, 0x0000000715000000|100%| O|  |TAMS 0x0000000715000000, 0x0000000714c00000| Untracked 
|1108|0x0000000715000000, 0x0000000715400000, 0x0000000715400000|100%| O|  |TAMS 0x0000000715400000, 0x0000000715000000| Untracked 
|1109|0x0000000715400000, 0x0000000715800000, 0x0000000715800000|100%| O|  |TAMS 0x0000000715800000, 0x0000000715400000| Untracked 
|1110|0x0000000715800000, 0x0000000715c00000, 0x0000000715c00000|100%| O|  |TAMS 0x0000000715c00000, 0x0000000715800000| Untracked 
|1111|0x0000000715c00000, 0x0000000716000000, 0x0000000716000000|100%| O|  |TAMS 0x0000000716000000, 0x0000000715c00000| Updating 
|1112|0x0000000716000000, 0x0000000716000000, 0x0000000716400000|  0%| F|  |TAMS 0x0000000716000000, 0x0000000716000000| Untracked 
|1113|0x0000000716400000, 0x0000000716800000, 0x0000000716800000|100%| O|  |TAMS 0x0000000716800000, 0x0000000716400000| Updating 
|1114|0x0000000716800000, 0x0000000716800000, 0x0000000716c00000|  0%| F|  |TAMS 0x0000000716800000, 0x0000000716800000| Untracked 
|1115|0x0000000716c00000, 0x0000000716c00000, 0x0000000717000000|  0%| F|  |TAMS 0x0000000716c00000, 0x0000000716c00000| Untracked 
|1116|0x0000000717000000, 0x0000000717400000, 0x0000000717400000|100%| O|  |TAMS 0x0000000717400000, 0x0000000717000000| Updating 
|1117|0x0000000717400000, 0x0000000717800000, 0x0000000717800000|100%| O|  |TAMS 0x0000000717800000, 0x0000000717400000| Updating 
|1118|0x0000000717800000, 0x0000000717800000, 0x0000000717c00000|  0%| F|  |TAMS 0x0000000717800000, 0x0000000717800000| Untracked 
|1119|0x0000000717c00000, 0x0000000718000000, 0x0000000718000000|100%| O|  |TAMS 0x0000000718000000, 0x0000000717c00000| Updating 
|1120|0x0000000718000000, 0x0000000718400000, 0x0000000718400000|100%| O|  |TAMS 0x0000000718400000, 0x0000000718000000| Updating 
|1121|0x0000000718400000, 0x0000000718400000, 0x0000000718800000|  0%| F|  |TAMS 0x0000000718400000, 0x0000000718400000| Untracked 
|1122|0x0000000718800000, 0x0000000718800000, 0x0000000718c00000|  0%| F|  |TAMS 0x0000000718800000, 0x0000000718800000| Untracked 
|1123|0x0000000718c00000, 0x0000000718c00000, 0x0000000719000000|  0%| F|  |TAMS 0x0000000718c00000, 0x0000000718c00000| Untracked 
|1124|0x0000000719000000, 0x0000000719000000, 0x0000000719400000|  0%| F|  |TAMS 0x0000000719000000, 0x0000000719000000| Untracked 
|1125|0x0000000719400000, 0x0000000719800000, 0x0000000719800000|100%| O|  |TAMS 0x0000000719800000, 0x0000000719400000| Updating 
|1126|0x0000000719800000, 0x0000000719800000, 0x0000000719c00000|  0%| F|  |TAMS 0x0000000719800000, 0x0000000719800000| Untracked 
|1127|0x0000000719c00000, 0x000000071a000000, 0x000000071a000000|100%| O|  |TAMS 0x000000071a000000, 0x0000000719c00000| Updating 
|1128|0x000000071a000000, 0x000000071a000000, 0x000000071a400000|  0%| F|  |TAMS 0x000000071a000000, 0x000000071a000000| Untracked 
|1129|0x000000071a400000, 0x000000071a800000, 0x000000071a800000|100%| O|  |TAMS 0x000000071a800000, 0x000000071a400000| Updating 
|1130|0x000000071a800000, 0x000000071a800000, 0x000000071ac00000|  0%| F|  |TAMS 0x000000071a800000, 0x000000071a800000| Untracked 
|1131|0x000000071ac00000, 0x000000071b000000, 0x000000071b000000|100%| O|  |TAMS 0x000000071b000000, 0x000000071ac00000| Updating 
|1132|0x000000071b000000, 0x000000071b400000, 0x000000071b400000|100%| O|  |TAMS 0x000000071b400000, 0x000000071b000000| Updating 
|1133|0x000000071b400000, 0x000000071b800000, 0x000000071b800000|100%| O|  |TAMS 0x000000071b800000, 0x000000071b400000| Untracked 
|1134|0x000000071b800000, 0x000000071bc00000, 0x000000071bc00000|100%| O|  |TAMS 0x000000071bc00000, 0x000000071b800000| Untracked 
|1135|0x000000071bc00000, 0x000000071c000000, 0x000000071c000000|100%| O|  |TAMS 0x000000071c000000, 0x000000071bc00000| Untracked 
|1136|0x000000071c000000, 0x000000071c400000, 0x000000071c400000|100%| O|  |TAMS 0x000000071c400000, 0x000000071c000000| Untracked 
|1137|0x000000071c400000, 0x000000071c800000, 0x000000071c800000|100%| O|  |TAMS 0x000000071c800000, 0x000000071c400000| Untracked 
|1138|0x000000071c800000, 0x000000071cc00000, 0x000000071cc00000|100%| O|  |TAMS 0x000000071cc00000, 0x000000071c800000| Untracked 
|1139|0x000000071cc00000, 0x000000071d000000, 0x000000071d000000|100%| O|  |TAMS 0x000000071d000000, 0x000000071cc00000| Untracked 
|1140|0x000000071d000000, 0x000000071d400000, 0x000000071d400000|100%| O|  |TAMS 0x000000071d400000, 0x000000071d000000| Untracked 
|1141|0x000000071d400000, 0x000000071d800000, 0x000000071d800000|100%| O|  |TAMS 0x000000071d800000, 0x000000071d400000| Updating 
|1142|0x000000071d800000, 0x000000071d800000, 0x000000071dc00000|  0%| F|  |TAMS 0x000000071d800000, 0x000000071d800000| Untracked 
|1143|0x000000071dc00000, 0x000000071dc00000, 0x000000071e000000|  0%| F|  |TAMS 0x000000071dc00000, 0x000000071dc00000| Untracked 
|1144|0x000000071e000000, 0x000000071e000000, 0x000000071e400000|  0%| F|  |TAMS 0x000000071e000000, 0x000000071e000000| Untracked 
|1145|0x000000071e400000, 0x000000071e800000, 0x000000071e800000|100%| O|  |TAMS 0x000000071e800000, 0x000000071e400000| Updating 
|1146|0x000000071e800000, 0x000000071ec00000, 0x000000071ec00000|100%| O|  |TAMS 0x000000071ec00000, 0x000000071e800000| Updating 
|1147|0x000000071ec00000, 0x000000071f000000, 0x000000071f000000|100%| O|  |TAMS 0x000000071f000000, 0x000000071ec00000| Updating 
|1148|0x000000071f000000, 0x000000071f400000, 0x000000071f400000|100%| O|  |TAMS 0x000000071f400000, 0x000000071f000000| Updating 
|1149|0x000000071f400000, 0x000000071f800000, 0x000000071f800000|100%| O|  |TAMS 0x000000071f800000, 0x000000071f400000| Updating 
|1150|0x000000071f800000, 0x000000071f800000, 0x000000071fc00000|  0%| F|  |TAMS 0x000000071f800000, 0x000000071f800000| Untracked 
|1151|0x000000071fc00000, 0x000000071fc00000, 0x0000000720000000|  0%| F|  |TAMS 0x000000071fc00000, 0x000000071fc00000| Untracked 
|1152|0x0000000720000000, 0x0000000720000000, 0x0000000720400000|  0%| F|  |TAMS 0x0000000720000000, 0x0000000720000000| Untracked 
|1153|0x0000000720400000, 0x0000000720800000, 0x0000000720800000|100%| O|  |TAMS 0x0000000720800000, 0x0000000720400000| Updating 
|1154|0x0000000720800000, 0x0000000720800000, 0x0000000720c00000|  0%| F|  |TAMS 0x0000000720800000, 0x0000000720800000| Untracked 
|1155|0x0000000720c00000, 0x0000000721000000, 0x0000000721000000|100%| O|  |TAMS 0x0000000721000000, 0x0000000720c00000| Updating 
|1156|0x0000000721000000, 0x0000000721400000, 0x0000000721400000|100%| O|  |TAMS 0x0000000721400000, 0x0000000721000000| Updating 
|1157|0x0000000721400000, 0x0000000721800000, 0x0000000721800000|100%| O|  |TAMS 0x0000000721800000, 0x0000000721400000| Updating 
|1158|0x0000000721800000, 0x0000000721c00000, 0x0000000721c00000|100%| O|  |TAMS 0x0000000721c00000, 0x0000000721800000| Updating 
|1159|0x0000000721c00000, 0x0000000721c00000, 0x0000000722000000|  0%| F|  |TAMS 0x0000000721c00000, 0x0000000721c00000| Untracked 
|1160|0x0000000722000000, 0x0000000722400000, 0x0000000722400000|100%| O|  |TAMS 0x0000000722400000, 0x0000000722000000| Updating 
|1161|0x0000000722400000, 0x0000000722400000, 0x0000000722800000|  0%| F|  |TAMS 0x0000000722400000, 0x0000000722400000| Untracked 
|1162|0x0000000722800000, 0x0000000722c00000, 0x0000000722c00000|100%| O|  |TAMS 0x0000000722c00000, 0x0000000722800000| Updating 
|1163|0x0000000722c00000, 0x0000000723000000, 0x0000000723000000|100%| O|  |TAMS 0x0000000723000000, 0x0000000722c00000| Updating 
|1164|0x0000000723000000, 0x0000000723000000, 0x0000000723400000|  0%| F|  |TAMS 0x0000000723000000, 0x0000000723000000| Untracked 
|1165|0x0000000723400000, 0x0000000723400000, 0x0000000723800000|  0%| F|  |TAMS 0x0000000723400000, 0x0000000723400000| Untracked 
|1166|0x0000000723800000, 0x0000000723c00000, 0x0000000723c00000|100%| O|  |TAMS 0x0000000723c00000, 0x0000000723800000| Updating 
|1167|0x0000000723c00000, 0x0000000723c00000, 0x0000000724000000|  0%| F|  |TAMS 0x0000000723c00000, 0x0000000723c00000| Untracked 
|1168|0x0000000724000000, 0x0000000724400000, 0x0000000724400000|100%| O|  |TAMS 0x0000000724400000, 0x0000000724000000| Updating 
|1169|0x0000000724400000, 0x0000000724800000, 0x0000000724800000|100%| O|  |TAMS 0x0000000724800000, 0x0000000724400000| Updating 
|1170|0x0000000724800000, 0x0000000724c00000, 0x0000000724c00000|100%| O|  |TAMS 0x0000000724c00000, 0x0000000724800000| Untracked 
|1171|0x0000000724c00000, 0x0000000725000000, 0x0000000725000000|100%| O|  |TAMS 0x0000000725000000, 0x0000000724c00000| Untracked 
|1172|0x0000000725000000, 0x0000000725400000, 0x0000000725400000|100%| O|  |TAMS 0x0000000725400000, 0x0000000725000000| Untracked 
|1173|0x0000000725400000, 0x0000000725800000, 0x0000000725800000|100%| O|  |TAMS 0x0000000725800000, 0x0000000725400000| Untracked 
|1174|0x0000000725800000, 0x0000000725c00000, 0x0000000725c00000|100%| O|  |TAMS 0x0000000725c00000, 0x0000000725800000| Untracked 
|1175|0x0000000725c00000, 0x0000000726000000, 0x0000000726000000|100%| O|  |TAMS 0x0000000726000000, 0x0000000725c00000| Untracked 
|1176|0x0000000726000000, 0x0000000726400000, 0x0000000726400000|100%| O|  |TAMS 0x0000000726400000, 0x0000000726000000| Untracked 
|1177|0x0000000726400000, 0x0000000726800000, 0x0000000726800000|100%| O|  |TAMS 0x0000000726800000, 0x0000000726400000| Untracked 
|1178|0x0000000726800000, 0x0000000726c00000, 0x0000000726c00000|100%| O|  |TAMS 0x0000000726c00000, 0x0000000726800000| Untracked 
|1179|0x0000000726c00000, 0x0000000727000000, 0x0000000727000000|100%| O|  |TAMS 0x0000000727000000, 0x0000000726c00000| Untracked 
|1180|0x0000000727000000, 0x0000000727400000, 0x0000000727400000|100%| O|  |TAMS 0x0000000727400000, 0x0000000727000000| Untracked 
|1181|0x0000000727400000, 0x0000000727800000, 0x0000000727800000|100%| O|  |TAMS 0x0000000727800000, 0x0000000727400000| Untracked 
|1182|0x0000000727800000, 0x0000000727c00000, 0x0000000727c00000|100%| O|  |TAMS 0x0000000727c00000, 0x0000000727800000| Untracked 
|1183|0x0000000727c00000, 0x0000000728000000, 0x0000000728000000|100%| O|  |TAMS 0x0000000728000000, 0x0000000727c00000| Untracked 
|1184|0x0000000728000000, 0x0000000728400000, 0x0000000728400000|100%| O|  |TAMS 0x0000000728400000, 0x0000000728000000| Untracked 
|1185|0x0000000728400000, 0x0000000728800000, 0x0000000728800000|100%| O|  |TAMS 0x0000000728800000, 0x0000000728400000| Untracked 
|1186|0x0000000728800000, 0x0000000728c00000, 0x0000000728c00000|100%| O|  |TAMS 0x0000000728c00000, 0x0000000728800000| Untracked 
|1187|0x0000000728c00000, 0x0000000729000000, 0x0000000729000000|100%| O|  |TAMS 0x0000000729000000, 0x0000000728c00000| Untracked 
|1188|0x0000000729000000, 0x0000000729400000, 0x0000000729400000|100%| O|  |TAMS 0x0000000729400000, 0x0000000729000000| Untracked 
|1189|0x0000000729400000, 0x0000000729800000, 0x0000000729800000|100%| O|  |TAMS 0x0000000729800000, 0x0000000729400000| Untracked 
|1190|0x0000000729800000, 0x0000000729c00000, 0x0000000729c00000|100%| O|  |TAMS 0x0000000729c00000, 0x0000000729800000| Untracked 
|1191|0x0000000729c00000, 0x000000072a000000, 0x000000072a000000|100%| O|  |TAMS 0x000000072a000000, 0x0000000729c00000| Untracked 
|1192|0x000000072a000000, 0x000000072a400000, 0x000000072a400000|100%| O|  |TAMS 0x000000072a400000, 0x000000072a000000| Untracked 
|1193|0x000000072a400000, 0x000000072a800000, 0x000000072a800000|100%| O|  |TAMS 0x000000072a800000, 0x000000072a400000| Updating 
|1194|0x000000072a800000, 0x000000072ac00000, 0x000000072ac00000|100%| O|  |TAMS 0x000000072ac00000, 0x000000072a800000| Untracked 
|1195|0x000000072ac00000, 0x000000072b000000, 0x000000072b000000|100%| O|  |TAMS 0x000000072b000000, 0x000000072ac00000| Untracked 
|1196|0x000000072b000000, 0x000000072b400000, 0x000000072b400000|100%| O|  |TAMS 0x000000072b400000, 0x000000072b000000| Untracked 
|1197|0x000000072b400000, 0x000000072b800000, 0x000000072b800000|100%| O|  |TAMS 0x000000072b800000, 0x000000072b400000| Untracked 
|1198|0x000000072b800000, 0x000000072bc00000, 0x000000072bc00000|100%| O|  |TAMS 0x000000072bc00000, 0x000000072b800000| Untracked 
|1199|0x000000072bc00000, 0x000000072c000000, 0x000000072c000000|100%| O|  |TAMS 0x000000072c000000, 0x000000072bc00000| Untracked 
|1200|0x000000072c000000, 0x000000072c400000, 0x000000072c400000|100%| O|  |TAMS 0x000000072c400000, 0x000000072c000000| Untracked 
|1201|0x000000072c400000, 0x000000072c800000, 0x000000072c800000|100%| O|  |TAMS 0x000000072c800000, 0x000000072c400000| Untracked 
|1202|0x000000072c800000, 0x000000072cc00000, 0x000000072cc00000|100%| O|  |TAMS 0x000000072cc00000, 0x000000072c800000| Untracked 
|1203|0x000000072cc00000, 0x000000072d000000, 0x000000072d000000|100%| O|  |TAMS 0x000000072d000000, 0x000000072cc00000| Untracked 
|1204|0x000000072d000000, 0x000000072d400000, 0x000000072d400000|100%| O|  |TAMS 0x000000072d400000, 0x000000072d000000| Untracked 
|1205|0x000000072d400000, 0x000000072d800000, 0x000000072d800000|100%| O|  |TAMS 0x000000072d800000, 0x000000072d400000| Untracked 
|1206|0x000000072d800000, 0x000000072dc00000, 0x000000072dc00000|100%| O|  |TAMS 0x000000072dc00000, 0x000000072d800000| Untracked 
|1207|0x000000072dc00000, 0x000000072e000000, 0x000000072e000000|100%| O|  |TAMS 0x000000072e000000, 0x000000072dc00000| Untracked 
|1208|0x000000072e000000, 0x000000072e400000, 0x000000072e400000|100%| O|  |TAMS 0x000000072e400000, 0x000000072e000000| Untracked 
|1209|0x000000072e400000, 0x000000072e800000, 0x000000072e800000|100%| O|  |TAMS 0x000000072e800000, 0x000000072e400000| Updating 
|1210|0x000000072e800000, 0x000000072ec00000, 0x000000072ec00000|100%| O|  |TAMS 0x000000072ec00000, 0x000000072e800000| Updating 
|1211|0x000000072ec00000, 0x000000072f000000, 0x000000072f000000|100%| O|  |TAMS 0x000000072f000000, 0x000000072ec00000| Untracked 
|1212|0x000000072f000000, 0x000000072f400000, 0x000000072f400000|100%| O|  |TAMS 0x000000072f400000, 0x000000072f000000| Untracked 
|1213|0x000000072f400000, 0x000000072f800000, 0x000000072f800000|100%| O|  |TAMS 0x000000072f800000, 0x000000072f400000| Untracked 
|1214|0x000000072f800000, 0x000000072fc00000, 0x000000072fc00000|100%| O|  |TAMS 0x000000072fc00000, 0x000000072f800000| Untracked 
|1215|0x000000072fc00000, 0x0000000730000000, 0x0000000730000000|100%| O|  |TAMS 0x0000000730000000, 0x000000072fc00000| Untracked 
|1216|0x0000000730000000, 0x0000000730400000, 0x0000000730400000|100%| O|  |TAMS 0x0000000730400000, 0x0000000730000000| Untracked 
|1217|0x0000000730400000, 0x0000000730800000, 0x0000000730800000|100%| O|  |TAMS 0x0000000730800000, 0x0000000730400000| Untracked 
|1218|0x0000000730800000, 0x0000000730c00000, 0x0000000730c00000|100%| O|  |TAMS 0x0000000730c00000, 0x0000000730800000| Untracked 
|1219|0x0000000730c00000, 0x0000000731000000, 0x0000000731000000|100%| O|  |TAMS 0x0000000731000000, 0x0000000730c00000| Untracked 
|1220|0x0000000731000000, 0x0000000731400000, 0x0000000731400000|100%| O|  |TAMS 0x0000000731400000, 0x0000000731000000| Untracked 
|1221|0x0000000731400000, 0x0000000731800000, 0x0000000731800000|100%| O|  |TAMS 0x0000000731800000, 0x0000000731400000| Untracked 
|1222|0x0000000731800000, 0x0000000731c00000, 0x0000000731c00000|100%| O|  |TAMS 0x0000000731c00000, 0x0000000731800000| Untracked 
|1223|0x0000000731c00000, 0x0000000732000000, 0x0000000732000000|100%| O|  |TAMS 0x0000000732000000, 0x0000000731c00000| Untracked 
|1224|0x0000000732000000, 0x0000000732400000, 0x0000000732400000|100%| O|  |TAMS 0x0000000732400000, 0x0000000732000000| Untracked 
|1225|0x0000000732400000, 0x0000000732800000, 0x0000000732800000|100%| O|  |TAMS 0x0000000732800000, 0x0000000732400000| Untracked 
|1226|0x0000000732800000, 0x0000000732c00000, 0x0000000732c00000|100%| O|  |TAMS 0x0000000732c00000, 0x0000000732800000| Untracked 
|1227|0x0000000732c00000, 0x0000000733000000, 0x0000000733000000|100%| O|  |TAMS 0x0000000733000000, 0x0000000732c00000| Untracked 
|1228|0x0000000733000000, 0x0000000733400000, 0x0000000733400000|100%| O|  |TAMS 0x0000000733400000, 0x0000000733000000| Untracked 
|1229|0x0000000733400000, 0x0000000733800000, 0x0000000733800000|100%| O|  |TAMS 0x0000000733800000, 0x0000000733400000| Untracked 
|1230|0x0000000733800000, 0x0000000733c00000, 0x0000000733c00000|100%| O|  |TAMS 0x0000000733c00000, 0x0000000733800000| Untracked 
|1231|0x0000000733c00000, 0x0000000734000000, 0x0000000734000000|100%| O|  |TAMS 0x0000000734000000, 0x0000000733c00000| Untracked 
|1232|0x0000000734000000, 0x0000000734400000, 0x0000000734400000|100%| O|  |TAMS 0x0000000734400000, 0x0000000734000000| Updating 
|1233|0x0000000734400000, 0x0000000734800000, 0x0000000734800000|100%| O|  |TAMS 0x0000000734800000, 0x0000000734400000| Untracked 
|1234|0x0000000734800000, 0x0000000734c00000, 0x0000000734c00000|100%| O|  |TAMS 0x0000000734c00000, 0x0000000734800000| Untracked 
|1235|0x0000000734c00000, 0x0000000735000000, 0x0000000735000000|100%| O|  |TAMS 0x0000000735000000, 0x0000000734c00000| Untracked 
|1236|0x0000000735000000, 0x0000000735400000, 0x0000000735400000|100%| O|  |TAMS 0x0000000735400000, 0x0000000735000000| Untracked 
|1237|0x0000000735400000, 0x0000000735800000, 0x0000000735800000|100%| O|  |TAMS 0x0000000735800000, 0x0000000735400000| Untracked 
|1238|0x0000000735800000, 0x0000000735c00000, 0x0000000735c00000|100%| O|  |TAMS 0x0000000735c00000, 0x0000000735800000| Untracked 
|1239|0x0000000735c00000, 0x0000000736000000, 0x0000000736000000|100%| O|  |TAMS 0x0000000736000000, 0x0000000735c00000| Untracked 
|1240|0x0000000736000000, 0x0000000736400000, 0x0000000736400000|100%| O|  |TAMS 0x0000000736400000, 0x0000000736000000| Untracked 
|1241|0x0000000736400000, 0x0000000736800000, 0x0000000736800000|100%| O|  |TAMS 0x0000000736800000, 0x0000000736400000| Untracked 
|1242|0x0000000736800000, 0x0000000736c00000, 0x0000000736c00000|100%| O|  |TAMS 0x0000000736c00000, 0x0000000736800000| Untracked 
|1243|0x0000000736c00000, 0x0000000737000000, 0x0000000737000000|100%| O|  |TAMS 0x0000000737000000, 0x0000000736c00000| Untracked 
|1244|0x0000000737000000, 0x0000000737400000, 0x0000000737400000|100%| O|  |TAMS 0x0000000737400000, 0x0000000737000000| Untracked 
|1245|0x0000000737400000, 0x0000000737800000, 0x0000000737800000|100%| O|  |TAMS 0x0000000737800000, 0x0000000737400000| Untracked 
|1246|0x0000000737800000, 0x0000000737c00000, 0x0000000737c00000|100%| O|  |TAMS 0x0000000737c00000, 0x0000000737800000| Untracked 
|1247|0x0000000737c00000, 0x0000000738000000, 0x0000000738000000|100%| O|  |TAMS 0x0000000738000000, 0x0000000737c00000| Untracked 
|1248|0x0000000738000000, 0x0000000738400000, 0x0000000738400000|100%| O|  |TAMS 0x0000000738400000, 0x0000000738000000| Untracked 
|1249|0x0000000738400000, 0x0000000738800000, 0x0000000738800000|100%| O|  |TAMS 0x0000000738800000, 0x0000000738400000| Untracked 
|1250|0x0000000738800000, 0x0000000738c00000, 0x0000000738c00000|100%| O|  |TAMS 0x0000000738c00000, 0x0000000738800000| Untracked 
|1251|0x0000000738c00000, 0x0000000739000000, 0x0000000739000000|100%| O|  |TAMS 0x0000000739000000, 0x0000000738c00000| Untracked 
|1252|0x0000000739000000, 0x0000000739400000, 0x0000000739400000|100%| O|  |TAMS 0x0000000739400000, 0x0000000739000000| Untracked 
|1253|0x0000000739400000, 0x0000000739800000, 0x0000000739800000|100%| O|  |TAMS 0x0000000739800000, 0x0000000739400000| Untracked 
|1254|0x0000000739800000, 0x0000000739c00000, 0x0000000739c00000|100%| O|  |TAMS 0x0000000739c00000, 0x0000000739800000| Untracked 
|1255|0x0000000739c00000, 0x000000073a000000, 0x000000073a000000|100%| O|  |TAMS 0x000000073a000000, 0x0000000739c00000| Untracked 
|1256|0x000000073a000000, 0x000000073a400000, 0x000000073a400000|100%| O|  |TAMS 0x000000073a400000, 0x000000073a000000| Untracked 
|1257|0x000000073a400000, 0x000000073a800000, 0x000000073a800000|100%| O|  |TAMS 0x000000073a800000, 0x000000073a400000| Untracked 
|1258|0x000000073a800000, 0x000000073ac00000, 0x000000073ac00000|100%| O|  |TAMS 0x000000073ac00000, 0x000000073a800000| Untracked 
|1259|0x000000073ac00000, 0x000000073b000000, 0x000000073b000000|100%| O|  |TAMS 0x000000073b000000, 0x000000073ac00000| Untracked 
|1260|0x000000073b000000, 0x000000073b400000, 0x000000073b400000|100%| O|  |TAMS 0x000000073b400000, 0x000000073b000000| Untracked 
|1261|0x000000073b400000, 0x000000073b800000, 0x000000073b800000|100%| O|  |TAMS 0x000000073b800000, 0x000000073b400000| Untracked 
|1262|0x000000073b800000, 0x000000073bc00000, 0x000000073bc00000|100%| O|  |TAMS 0x000000073bc00000, 0x000000073b800000| Untracked 
|1263|0x000000073bc00000, 0x000000073c000000, 0x000000073c000000|100%| O|  |TAMS 0x000000073c000000, 0x000000073bc00000| Untracked 
|1264|0x000000073c000000, 0x000000073c400000, 0x000000073c400000|100%| O|  |TAMS 0x000000073c400000, 0x000000073c000000| Untracked 
|1265|0x000000073c400000, 0x000000073c800000, 0x000000073c800000|100%| O|  |TAMS 0x000000073c800000, 0x000000073c400000| Untracked 
|1266|0x000000073c800000, 0x000000073cc00000, 0x000000073cc00000|100%| O|  |TAMS 0x000000073cc00000, 0x000000073c800000| Untracked 
|1267|0x000000073cc00000, 0x000000073d000000, 0x000000073d000000|100%| O|  |TAMS 0x000000073d000000, 0x000000073cc00000| Untracked 
|1268|0x000000073d000000, 0x000000073d400000, 0x000000073d400000|100%| O|  |TAMS 0x000000073d400000, 0x000000073d000000| Untracked 
|1269|0x000000073d400000, 0x000000073d800000, 0x000000073d800000|100%| O|  |TAMS 0x000000073d800000, 0x000000073d400000| Untracked 
|1270|0x000000073d800000, 0x000000073dc00000, 0x000000073dc00000|100%| O|  |TAMS 0x000000073dc00000, 0x000000073d800000| Untracked 
|1271|0x000000073dc00000, 0x000000073e000000, 0x000000073e000000|100%| O|  |TAMS 0x000000073e000000, 0x000000073dc00000| Untracked 
|1272|0x000000073e000000, 0x000000073e400000, 0x000000073e400000|100%| O|  |TAMS 0x000000073e400000, 0x000000073e000000| Untracked 
|1273|0x000000073e400000, 0x000000073e800000, 0x000000073e800000|100%| O|  |TAMS 0x000000073e800000, 0x000000073e400000| Untracked 
|1274|0x000000073e800000, 0x000000073ec00000, 0x000000073ec00000|100%| O|  |TAMS 0x000000073ec00000, 0x000000073e800000| Untracked 
|1275|0x000000073ec00000, 0x000000073f000000, 0x000000073f000000|100%| O|  |TAMS 0x000000073f000000, 0x000000073ec00000| Untracked 
|1276|0x000000073f000000, 0x000000073f400000, 0x000000073f400000|100%| O|  |TAMS 0x000000073f400000, 0x000000073f000000| Untracked 
|1277|0x000000073f400000, 0x000000073f800000, 0x000000073f800000|100%| O|  |TAMS 0x000000073f800000, 0x000000073f400000| Untracked 
|1278|0x000000073f800000, 0x000000073fc00000, 0x000000073fc00000|100%| O|  |TAMS 0x000000073fc00000, 0x000000073f800000| Untracked 
|1279|0x000000073fc00000, 0x0000000740000000, 0x0000000740000000|100%| O|  |TAMS 0x0000000740000000, 0x000000073fc00000| Untracked 
|1280|0x0000000740000000, 0x0000000740400000, 0x0000000740400000|100%| O|  |TAMS 0x0000000740400000, 0x0000000740000000| Untracked 
|1281|0x0000000740400000, 0x0000000740800000, 0x0000000740800000|100%| O|  |TAMS 0x0000000740800000, 0x0000000740400000| Updating 
|1282|0x0000000740800000, 0x0000000740c00000, 0x0000000740c00000|100%| O|  |TAMS 0x0000000740c00000, 0x0000000740800000| Untracked 
|1283|0x0000000740c00000, 0x0000000741000000, 0x0000000741000000|100%| O|  |TAMS 0x0000000741000000, 0x0000000740c00000| Untracked 
|1284|0x0000000741000000, 0x0000000741400000, 0x0000000741400000|100%| O|  |TAMS 0x0000000741400000, 0x0000000741000000| Untracked 
|1285|0x0000000741400000, 0x0000000741800000, 0x0000000741800000|100%| O|  |TAMS 0x0000000741800000, 0x0000000741400000| Untracked 
|1286|0x0000000741800000, 0x0000000741c00000, 0x0000000741c00000|100%| O|  |TAMS 0x0000000741c00000, 0x0000000741800000| Untracked 
|1287|0x0000000741c00000, 0x0000000742000000, 0x0000000742000000|100%| O|  |TAMS 0x0000000742000000, 0x0000000741c00000| Untracked 
|1288|0x0000000742000000, 0x0000000742400000, 0x0000000742400000|100%| O|  |TAMS 0x0000000742400000, 0x0000000742000000| Untracked 
|1289|0x0000000742400000, 0x0000000742800000, 0x0000000742800000|100%| O|  |TAMS 0x0000000742800000, 0x0000000742400000| Untracked 
|1290|0x0000000742800000, 0x0000000742c00000, 0x0000000742c00000|100%| O|  |TAMS 0x0000000742c00000, 0x0000000742800000| Untracked 
|1291|0x0000000742c00000, 0x0000000743000000, 0x0000000743000000|100%| O|  |TAMS 0x0000000743000000, 0x0000000742c00000| Untracked 
|1292|0x0000000743000000, 0x0000000743400000, 0x0000000743400000|100%| O|  |TAMS 0x0000000743400000, 0x0000000743000000| Untracked 
|1293|0x0000000743400000, 0x0000000743800000, 0x0000000743800000|100%| O|  |TAMS 0x0000000743800000, 0x0000000743400000| Untracked 
|1294|0x0000000743800000, 0x0000000743c00000, 0x0000000743c00000|100%| O|  |TAMS 0x0000000743c00000, 0x0000000743800000| Untracked 
|1295|0x0000000743c00000, 0x0000000744000000, 0x0000000744000000|100%| O|  |TAMS 0x0000000744000000, 0x0000000743c00000| Untracked 
|1296|0x0000000744000000, 0x0000000744400000, 0x0000000744400000|100%| O|  |TAMS 0x0000000744400000, 0x0000000744000000| Untracked 
|1297|0x0000000744400000, 0x0000000744800000, 0x0000000744800000|100%| O|  |TAMS 0x0000000744800000, 0x0000000744400000| Untracked 
|1298|0x0000000744800000, 0x0000000744c00000, 0x0000000744c00000|100%| O|  |TAMS 0x0000000744c00000, 0x0000000744800000| Untracked 
|1299|0x0000000744c00000, 0x0000000745000000, 0x0000000745000000|100%| O|  |TAMS 0x0000000745000000, 0x0000000744c00000| Untracked 
|1300|0x0000000745000000, 0x0000000745400000, 0x0000000745400000|100%| O|  |TAMS 0x0000000745400000, 0x0000000745000000| Untracked 
|1301|0x0000000745400000, 0x0000000745800000, 0x0000000745800000|100%| O|  |TAMS 0x0000000745800000, 0x0000000745400000| Untracked 
|1302|0x0000000745800000, 0x0000000745c00000, 0x0000000745c00000|100%| O|  |TAMS 0x0000000745c00000, 0x0000000745800000| Untracked 
|1303|0x0000000745c00000, 0x0000000746000000, 0x0000000746000000|100%| O|  |TAMS 0x0000000746000000, 0x0000000745c00000| Untracked 
|1304|0x0000000746000000, 0x0000000746400000, 0x0000000746400000|100%| O|  |TAMS 0x0000000746400000, 0x0000000746000000| Untracked 
|1305|0x0000000746400000, 0x0000000746800000, 0x0000000746800000|100%| O|  |TAMS 0x0000000746800000, 0x0000000746400000| Untracked 
|1306|0x0000000746800000, 0x0000000746c00000, 0x0000000746c00000|100%| O|  |TAMS 0x0000000746c00000, 0x0000000746800000| Untracked 
|1307|0x0000000746c00000, 0x0000000747000000, 0x0000000747000000|100%| O|  |TAMS 0x0000000747000000, 0x0000000746c00000| Untracked 
|1308|0x0000000747000000, 0x0000000747400000, 0x0000000747400000|100%| O|  |TAMS 0x0000000747400000, 0x0000000747000000| Untracked 
|1309|0x0000000747400000, 0x0000000747800000, 0x0000000747800000|100%| O|  |TAMS 0x0000000747800000, 0x0000000747400000| Untracked 
|1310|0x0000000747800000, 0x0000000747c00000, 0x0000000747c00000|100%| O|  |TAMS 0x0000000747c00000, 0x0000000747800000| Untracked 
|1311|0x0000000747c00000, 0x0000000748000000, 0x0000000748000000|100%| O|  |TAMS 0x0000000748000000, 0x0000000747c00000| Untracked 
|1312|0x0000000748000000, 0x0000000748400000, 0x0000000748400000|100%| O|  |TAMS 0x0000000748400000, 0x0000000748000000| Updating 
|1313|0x0000000748400000, 0x0000000748400000, 0x0000000748800000|  0%| F|  |TAMS 0x0000000748400000, 0x0000000748400000| Untracked 
|1314|0x0000000748800000, 0x0000000748800000, 0x0000000748c00000|  0%| F|  |TAMS 0x0000000748800000, 0x0000000748800000| Untracked 
|1315|0x0000000748c00000, 0x0000000748c00000, 0x0000000749000000|  0%| F|  |TAMS 0x0000000748c00000, 0x0000000748c00000| Untracked 
|1316|0x0000000749000000, 0x0000000749000000, 0x0000000749400000|  0%| F|  |TAMS 0x0000000749000000, 0x0000000749000000| Untracked 
|1317|0x0000000749400000, 0x0000000749800000, 0x0000000749800000|100%| O|  |TAMS 0x0000000749800000, 0x0000000749400000| Updating 
|1318|0x0000000749800000, 0x0000000749c00000, 0x0000000749c00000|100%| O|  |TAMS 0x0000000749c00000, 0x0000000749800000| Updating 
|1319|0x0000000749c00000, 0x0000000749c00000, 0x000000074a000000|  0%| F|  |TAMS 0x0000000749c00000, 0x0000000749c00000| Untracked 
|1320|0x000000074a000000, 0x000000074a000000, 0x000000074a400000|  0%| F|  |TAMS 0x000000074a000000, 0x000000074a000000| Untracked 
|1321|0x000000074a400000, 0x000000074a400000, 0x000000074a800000|  0%| F|  |TAMS 0x000000074a400000, 0x000000074a400000| Untracked 
|1322|0x000000074a800000, 0x000000074a800000, 0x000000074ac00000|  0%| F|  |TAMS 0x000000074a800000, 0x000000074a800000| Untracked 
|1323|0x000000074ac00000, 0x000000074b000000, 0x000000074b000000|100%| O|  |TAMS 0x000000074b000000, 0x000000074ac00000| Updating 
|1324|0x000000074b000000, 0x000000074b000000, 0x000000074b400000|  0%| F|  |TAMS 0x000000074b000000, 0x000000074b000000| Untracked 
|1325|0x000000074b400000, 0x000000074b400000, 0x000000074b800000|  0%| F|  |TAMS 0x000000074b400000, 0x000000074b400000| Untracked 
|1326|0x000000074b800000, 0x000000074b800000, 0x000000074bc00000|  0%| F|  |TAMS 0x000000074b800000, 0x000000074b800000| Untracked 
|1327|0x000000074bc00000, 0x000000074bc00000, 0x000000074c000000|  0%| F|  |TAMS 0x000000074bc00000, 0x000000074bc00000| Untracked 
|1328|0x000000074c000000, 0x000000074c000000, 0x000000074c400000|  0%| F|  |TAMS 0x000000074c000000, 0x000000074c000000| Untracked 
|1329|0x000000074c400000, 0x000000074c800000, 0x000000074c800000|100%| O|  |TAMS 0x000000074c800000, 0x000000074c400000| Updating 
|1330|0x000000074c800000, 0x000000074c800000, 0x000000074cc00000|  0%| F|  |TAMS 0x000000074c800000, 0x000000074c800000| Untracked 
|1331|0x000000074cc00000, 0x000000074d000000, 0x000000074d000000|100%| O|  |TAMS 0x000000074d000000, 0x000000074cc00000| Updating 
|1332|0x000000074d000000, 0x000000074d000000, 0x000000074d400000|  0%| F|  |TAMS 0x000000074d000000, 0x000000074d000000| Untracked 
|1333|0x000000074d400000, 0x000000074d800000, 0x000000074d800000|100%| O|  |TAMS 0x000000074d800000, 0x000000074d400000| Updating 
|1334|0x000000074d800000, 0x000000074dc00000, 0x000000074dc00000|100%| O|  |TAMS 0x000000074dc00000, 0x000000074d800000| Updating 
|1335|0x000000074dc00000, 0x000000074e000000, 0x000000074e000000|100%| O|  |TAMS 0x000000074e000000, 0x000000074dc00000| Updating 
|1336|0x000000074e000000, 0x000000074e000000, 0x000000074e400000|  0%| F|  |TAMS 0x000000074e000000, 0x000000074e000000| Untracked 
|1337|0x000000074e400000, 0x000000074e800000, 0x000000074e800000|100%| O|  |TAMS 0x000000074e800000, 0x000000074e400000| Updating 
|1338|0x000000074e800000, 0x000000074ec00000, 0x000000074ec00000|100%| O|  |TAMS 0x000000074ec00000, 0x000000074e800000| Updating 
|1339|0x000000074ec00000, 0x000000074f000000, 0x000000074f000000|100%| O|  |TAMS 0x000000074f000000, 0x000000074ec00000| Untracked 
|1340|0x000000074f000000, 0x000000074f400000, 0x000000074f400000|100%| O|  |TAMS 0x000000074f400000, 0x000000074f000000| Untracked 
|1341|0x000000074f400000, 0x000000074f800000, 0x000000074f800000|100%| O|  |TAMS 0x000000074f800000, 0x000000074f400000| Untracked 
|1342|0x000000074f800000, 0x000000074fc00000, 0x000000074fc00000|100%| O|  |TAMS 0x000000074fc00000, 0x000000074f800000| Untracked 
|1343|0x000000074fc00000, 0x0000000750000000, 0x0000000750000000|100%| O|  |TAMS 0x0000000750000000, 0x000000074fc00000| Untracked 
|1344|0x0000000750000000, 0x0000000750400000, 0x0000000750400000|100%| O|  |TAMS 0x0000000750400000, 0x0000000750000000| Untracked 
|1345|0x0000000750400000, 0x0000000750800000, 0x0000000750800000|100%| O|  |TAMS 0x0000000750800000, 0x0000000750400000| Untracked 
|1346|0x0000000750800000, 0x0000000750c00000, 0x0000000750c00000|100%| O|  |TAMS 0x0000000750c00000, 0x0000000750800000| Untracked 
|1347|0x0000000750c00000, 0x0000000751000000, 0x0000000751000000|100%| O|  |TAMS 0x0000000751000000, 0x0000000750c00000| Untracked 
|1348|0x0000000751000000, 0x0000000751400000, 0x0000000751400000|100%| O|  |TAMS 0x0000000751400000, 0x0000000751000000| Untracked 
|1349|0x0000000751400000, 0x0000000751800000, 0x0000000751800000|100%| O|  |TAMS 0x0000000751800000, 0x0000000751400000| Untracked 
|1350|0x0000000751800000, 0x0000000751c00000, 0x0000000751c00000|100%| O|  |TAMS 0x0000000751c00000, 0x0000000751800000| Untracked 
|1351|0x0000000751c00000, 0x0000000752000000, 0x0000000752000000|100%| O|  |TAMS 0x0000000752000000, 0x0000000751c00000| Updating 
|1352|0x0000000752000000, 0x0000000752400000, 0x0000000752400000|100%| O|  |TAMS 0x0000000752400000, 0x0000000752000000| Untracked 
|1353|0x0000000752400000, 0x0000000752800000, 0x0000000752800000|100%| O|  |TAMS 0x0000000752800000, 0x0000000752400000| Untracked 
|1354|0x0000000752800000, 0x0000000752c00000, 0x0000000752c00000|100%| O|  |TAMS 0x0000000752c00000, 0x0000000752800000| Untracked 
|1355|0x0000000752c00000, 0x0000000753000000, 0x0000000753000000|100%| O|  |TAMS 0x0000000753000000, 0x0000000752c00000| Untracked 
|1356|0x0000000753000000, 0x0000000753400000, 0x0000000753400000|100%| O|  |TAMS 0x0000000753400000, 0x0000000753000000| Untracked 
|1357|0x0000000753400000, 0x0000000753800000, 0x0000000753800000|100%| O|  |TAMS 0x0000000753800000, 0x0000000753400000| Untracked 
|1358|0x0000000753800000, 0x0000000753c00000, 0x0000000753c00000|100%| O|  |TAMS 0x0000000753c00000, 0x0000000753800000| Untracked 
|1359|0x0000000753c00000, 0x0000000754000000, 0x0000000754000000|100%| O|  |TAMS 0x0000000754000000, 0x0000000753c00000| Untracked 
|1360|0x0000000754000000, 0x0000000754400000, 0x0000000754400000|100%| O|  |TAMS 0x0000000754400000, 0x0000000754000000| Untracked 
|1361|0x0000000754400000, 0x0000000754800000, 0x0000000754800000|100%| O|  |TAMS 0x0000000754800000, 0x0000000754400000| Untracked 
|1362|0x0000000754800000, 0x0000000754c00000, 0x0000000754c00000|100%| O|  |TAMS 0x0000000754c00000, 0x0000000754800000| Untracked 
|1363|0x0000000754c00000, 0x0000000755000000, 0x0000000755000000|100%| O|  |TAMS 0x0000000755000000, 0x0000000754c00000| Untracked 
|1364|0x0000000755000000, 0x0000000755400000, 0x0000000755400000|100%| O|  |TAMS 0x0000000755400000, 0x0000000755000000| Untracked 
|1365|0x0000000755400000, 0x0000000755800000, 0x0000000755800000|100%| O|  |TAMS 0x0000000755800000, 0x0000000755400000| Untracked 
|1366|0x0000000755800000, 0x0000000755c00000, 0x0000000755c00000|100%| O|  |TAMS 0x0000000755c00000, 0x0000000755800000| Untracked 
|1367|0x0000000755c00000, 0x0000000756000000, 0x0000000756000000|100%| O|  |TAMS 0x0000000756000000, 0x0000000755c00000| Untracked 
|1368|0x0000000756000000, 0x0000000756400000, 0x0000000756400000|100%| O|  |TAMS 0x0000000756400000, 0x0000000756000000| Untracked 
|1369|0x0000000756400000, 0x0000000756800000, 0x0000000756800000|100%| O|  |TAMS 0x0000000756800000, 0x0000000756400000| Untracked 
|1370|0x0000000756800000, 0x0000000756c00000, 0x0000000756c00000|100%| O|  |TAMS 0x0000000756c00000, 0x0000000756800000| Untracked 
|1371|0x0000000756c00000, 0x0000000757000000, 0x0000000757000000|100%| O|  |TAMS 0x0000000757000000, 0x0000000756c00000| Untracked 
|1372|0x0000000757000000, 0x0000000757400000, 0x0000000757400000|100%| O|  |TAMS 0x0000000757400000, 0x0000000757000000| Untracked 
|1373|0x0000000757400000, 0x0000000757800000, 0x0000000757800000|100%| O|  |TAMS 0x0000000757800000, 0x0000000757400000| Untracked 
|1374|0x0000000757800000, 0x0000000757c00000, 0x0000000757c00000|100%| O|  |TAMS 0x0000000757c00000, 0x0000000757800000| Untracked 
|1375|0x0000000757c00000, 0x0000000758000000, 0x0000000758000000|100%| O|  |TAMS 0x0000000758000000, 0x0000000757c00000| Untracked 
|1376|0x0000000758000000, 0x0000000758400000, 0x0000000758400000|100%| O|  |TAMS 0x0000000758400000, 0x0000000758000000| Untracked 
|1377|0x0000000758400000, 0x0000000758800000, 0x0000000758800000|100%| O|  |TAMS 0x0000000758800000, 0x0000000758400000| Untracked 
|1378|0x0000000758800000, 0x0000000758c00000, 0x0000000758c00000|100%| O|  |TAMS 0x0000000758c00000, 0x0000000758800000| Untracked 
|1379|0x0000000758c00000, 0x0000000759000000, 0x0000000759000000|100%| O|  |TAMS 0x0000000759000000, 0x0000000758c00000| Untracked 
|1380|0x0000000759000000, 0x0000000759400000, 0x0000000759400000|100%| O|  |TAMS 0x0000000759400000, 0x0000000759000000| Untracked 
|1381|0x0000000759400000, 0x0000000759800000, 0x0000000759800000|100%| O|  |TAMS 0x0000000759800000, 0x0000000759400000| Untracked 
|1382|0x0000000759800000, 0x0000000759c00000, 0x0000000759c00000|100%| O|  |TAMS 0x0000000759c00000, 0x0000000759800000| Untracked 
|1383|0x0000000759c00000, 0x000000075a000000, 0x000000075a000000|100%| O|  |TAMS 0x000000075a000000, 0x0000000759c00000| Untracked 
|1384|0x000000075a000000, 0x000000075a400000, 0x000000075a400000|100%| O|  |TAMS 0x000000075a400000, 0x000000075a000000| Untracked 
|1385|0x000000075a400000, 0x000000075a800000, 0x000000075a800000|100%| O|  |TAMS 0x000000075a800000, 0x000000075a400000| Untracked 
|1386|0x000000075a800000, 0x000000075ac00000, 0x000000075ac00000|100%| O|  |TAMS 0x000000075ac00000, 0x000000075a800000| Untracked 
|1387|0x000000075ac00000, 0x000000075b000000, 0x000000075b000000|100%| O|  |TAMS 0x000000075b000000, 0x000000075ac00000| Untracked 
|1388|0x000000075b000000, 0x000000075b400000, 0x000000075b400000|100%| O|  |TAMS 0x000000075b400000, 0x000000075b000000| Untracked 
|1389|0x000000075b400000, 0x000000075b800000, 0x000000075b800000|100%| O|  |TAMS 0x000000075b800000, 0x000000075b400000| Untracked 
|1390|0x000000075b800000, 0x000000075bc00000, 0x000000075bc00000|100%| O|  |TAMS 0x000000075bc00000, 0x000000075b800000| Untracked 
|1391|0x000000075bc00000, 0x000000075c000000, 0x000000075c000000|100%| O|  |TAMS 0x000000075c000000, 0x000000075bc00000| Untracked 
|1392|0x000000075c000000, 0x000000075c400000, 0x000000075c400000|100%| O|  |TAMS 0x000000075c400000, 0x000000075c000000| Untracked 
|1393|0x000000075c400000, 0x000000075c800000, 0x000000075c800000|100%| O|  |TAMS 0x000000075c800000, 0x000000075c400000| Untracked 
|1394|0x000000075c800000, 0x000000075cc00000, 0x000000075cc00000|100%| O|  |TAMS 0x000000075cc00000, 0x000000075c800000| Untracked 
|1395|0x000000075cc00000, 0x000000075d000000, 0x000000075d000000|100%| O|  |TAMS 0x000000075d000000, 0x000000075cc00000| Untracked 
|1396|0x000000075d000000, 0x000000075d400000, 0x000000075d400000|100%| O|  |TAMS 0x000000075d400000, 0x000000075d000000| Untracked 
|1397|0x000000075d400000, 0x000000075d800000, 0x000000075d800000|100%| O|  |TAMS 0x000000075d800000, 0x000000075d400000| Untracked 
|1398|0x000000075d800000, 0x000000075dbb6200, 0x000000075dc00000| 92%| O|  |TAMS 0x000000075dbb6200, 0x000000075d800000| Updating 
|1399|0x000000075dc00000, 0x000000075dc00000, 0x000000075e000000|  0%| F|  |TAMS 0x000000075dc00000, 0x000000075dc00000| Untracked 
|1400|0x000000075e000000, 0x000000075e000000, 0x000000075e400000|  0%| F|  |TAMS 0x000000075e000000, 0x000000075e000000| Untracked 
|1401|0x000000075e400000, 0x000000075e400000, 0x000000075e800000|  0%| F|  |TAMS 0x000000075e400000, 0x000000075e400000| Untracked 
|1402|0x000000075e800000, 0x000000075e800000, 0x000000075ec00000|  0%| F|  |TAMS 0x000000075e800000, 0x000000075e800000| Untracked 
|1403|0x000000075ec00000, 0x000000075ec00000, 0x000000075f000000|  0%| F|  |TAMS 0x000000075ec00000, 0x000000075ec00000| Untracked 
|1404|0x000000075f000000, 0x000000075f000000, 0x000000075f400000|  0%| F|  |TAMS 0x000000075f000000, 0x000000075f000000| Untracked 
|1405|0x000000075f400000, 0x000000075f400000, 0x000000075f800000|  0%| F|  |TAMS 0x000000075f400000, 0x000000075f400000| Untracked 
|1406|0x000000075f800000, 0x000000075f800000, 0x000000075fc00000|  0%| F|  |TAMS 0x000000075f800000, 0x000000075f800000| Untracked 
|1407|0x000000075fc00000, 0x000000075fc00000, 0x0000000760000000|  0%| F|  |TAMS 0x000000075fc00000, 0x000000075fc00000| Untracked 
|1408|0x0000000760000000, 0x0000000760000000, 0x0000000760400000|  0%| F|  |TAMS 0x0000000760000000, 0x0000000760000000| Untracked 
|1409|0x0000000760400000, 0x0000000760400000, 0x0000000760800000|  0%| F|  |TAMS 0x0000000760400000, 0x0000000760400000| Untracked 
|1410|0x0000000760800000, 0x0000000760800000, 0x0000000760c00000|  0%| F|  |TAMS 0x0000000760800000, 0x0000000760800000| Untracked 
|1411|0x0000000760c00000, 0x0000000760c00000, 0x0000000761000000|  0%| F|  |TAMS 0x0000000760c00000, 0x0000000760c00000| Untracked 
|1412|0x0000000761000000, 0x0000000761000000, 0x0000000761400000|  0%| F|  |TAMS 0x0000000761000000, 0x0000000761000000| Untracked 
|1413|0x0000000761400000, 0x0000000761400000, 0x0000000761800000|  0%| F|  |TAMS 0x0000000761400000, 0x0000000761400000| Untracked 
|1414|0x0000000761800000, 0x0000000761800000, 0x0000000761c00000|  0%| F|  |TAMS 0x0000000761800000, 0x0000000761800000| Untracked 
|1415|0x0000000761c00000, 0x0000000761c00000, 0x0000000762000000|  0%| F|  |TAMS 0x0000000761c00000, 0x0000000761c00000| Untracked 
|1416|0x0000000762000000, 0x0000000762000000, 0x0000000762400000|  0%| F|  |TAMS 0x0000000762000000, 0x0000000762000000| Untracked 
|1417|0x0000000762400000, 0x0000000762400000, 0x0000000762800000|  0%| F|  |TAMS 0x0000000762400000, 0x0000000762400000| Untracked 
|1418|0x0000000762800000, 0x0000000762800000, 0x0000000762c00000|  0%| F|  |TAMS 0x0000000762800000, 0x0000000762800000| Untracked 
|1419|0x0000000762c00000, 0x0000000762c00000, 0x0000000763000000|  0%| F|  |TAMS 0x0000000762c00000, 0x0000000762c00000| Untracked 
|1420|0x0000000763000000, 0x0000000763000000, 0x0000000763400000|  0%| F|  |TAMS 0x0000000763000000, 0x0000000763000000| Untracked 
|1421|0x0000000763400000, 0x0000000763400000, 0x0000000763800000|  0%| F|  |TAMS 0x0000000763400000, 0x0000000763400000| Untracked 
|1422|0x0000000763800000, 0x0000000763800000, 0x0000000763c00000|  0%| F|  |TAMS 0x0000000763800000, 0x0000000763800000| Untracked 
|1423|0x0000000763c00000, 0x0000000763c00000, 0x0000000764000000|  0%| F|  |TAMS 0x0000000763c00000, 0x0000000763c00000| Untracked 
|1424|0x0000000764000000, 0x0000000764000000, 0x0000000764400000|  0%| F|  |TAMS 0x0000000764000000, 0x0000000764000000| Untracked 
|1425|0x0000000764400000, 0x0000000764400000, 0x0000000764800000|  0%| F|  |TAMS 0x0000000764400000, 0x0000000764400000| Untracked 
|1426|0x0000000764800000, 0x0000000764800000, 0x0000000764c00000|  0%| F|  |TAMS 0x0000000764800000, 0x0000000764800000| Untracked 
|1427|0x0000000764c00000, 0x0000000764c00000, 0x0000000765000000|  0%| F|  |TAMS 0x0000000764c00000, 0x0000000764c00000| Untracked 
|1428|0x0000000765000000, 0x0000000765000000, 0x0000000765400000|  0%| F|  |TAMS 0x0000000765000000, 0x0000000765000000| Untracked 
|1429|0x0000000765400000, 0x0000000765400000, 0x0000000765800000|  0%| F|  |TAMS 0x0000000765400000, 0x0000000765400000| Untracked 
|1430|0x0000000765800000, 0x0000000765800000, 0x0000000765c00000|  0%| F|  |TAMS 0x0000000765800000, 0x0000000765800000| Untracked 
|1431|0x0000000765c00000, 0x0000000765c00000, 0x0000000766000000|  0%| F|  |TAMS 0x0000000765c00000, 0x0000000765c00000| Untracked 
|1432|0x0000000766000000, 0x0000000766000000, 0x0000000766400000|  0%| F|  |TAMS 0x0000000766000000, 0x0000000766000000| Untracked 
|1433|0x0000000766400000, 0x0000000766400000, 0x0000000766800000|  0%| F|  |TAMS 0x0000000766400000, 0x0000000766400000| Untracked 
|1434|0x0000000766800000, 0x0000000766800000, 0x0000000766c00000|  0%| F|  |TAMS 0x0000000766800000, 0x0000000766800000| Untracked 
|1435|0x0000000766c00000, 0x0000000766c00000, 0x0000000767000000|  0%| F|  |TAMS 0x0000000766c00000, 0x0000000766c00000| Untracked 
|1436|0x0000000767000000, 0x0000000767000000, 0x0000000767400000|  0%| F|  |TAMS 0x0000000767000000, 0x0000000767000000| Untracked 
|1437|0x0000000767400000, 0x0000000767400000, 0x0000000767800000|  0%| F|  |TAMS 0x0000000767400000, 0x0000000767400000| Untracked 
|1438|0x0000000767800000, 0x0000000767800000, 0x0000000767c00000|  0%| F|  |TAMS 0x0000000767800000, 0x0000000767800000| Untracked 
|1439|0x0000000767c00000, 0x0000000767c00000, 0x0000000768000000|  0%| F|  |TAMS 0x0000000767c00000, 0x0000000767c00000| Untracked 
|1440|0x0000000768000000, 0x0000000768000000, 0x0000000768400000|  0%| F|  |TAMS 0x0000000768000000, 0x0000000768000000| Untracked 
|1441|0x0000000768400000, 0x0000000768400000, 0x0000000768800000|  0%| F|  |TAMS 0x0000000768400000, 0x0000000768400000| Untracked 
|1442|0x0000000768800000, 0x0000000768800000, 0x0000000768c00000|  0%| F|  |TAMS 0x0000000768800000, 0x0000000768800000| Untracked 
|1443|0x0000000768c00000, 0x0000000768c00000, 0x0000000769000000|  0%| F|  |TAMS 0x0000000768c00000, 0x0000000768c00000| Untracked 
|1444|0x0000000769000000, 0x0000000769000000, 0x0000000769400000|  0%| F|  |TAMS 0x0000000769000000, 0x0000000769000000| Untracked 
|1445|0x0000000769400000, 0x0000000769400000, 0x0000000769800000|  0%| F|  |TAMS 0x0000000769400000, 0x0000000769400000| Untracked 
|1446|0x0000000769800000, 0x0000000769800000, 0x0000000769c00000|  0%| F|  |TAMS 0x0000000769800000, 0x0000000769800000| Untracked 
|1447|0x0000000769c00000, 0x0000000769c00000, 0x000000076a000000|  0%| F|  |TAMS 0x0000000769c00000, 0x0000000769c00000| Untracked 
|1448|0x000000076a000000, 0x000000076a000000, 0x000000076a400000|  0%| F|  |TAMS 0x000000076a000000, 0x000000076a000000| Untracked 
|1449|0x000000076a400000, 0x000000076a400000, 0x000000076a800000|  0%| F|  |TAMS 0x000000076a400000, 0x000000076a400000| Untracked 
|1450|0x000000076a800000, 0x000000076a800000, 0x000000076ac00000|  0%| F|  |TAMS 0x000000076a800000, 0x000000076a800000| Untracked 
|1451|0x000000076ac00000, 0x000000076ac00000, 0x000000076b000000|  0%| F|  |TAMS 0x000000076ac00000, 0x000000076ac00000| Untracked 
|1452|0x000000076b000000, 0x000000076b000000, 0x000000076b400000|  0%| F|  |TAMS 0x000000076b000000, 0x000000076b000000| Untracked 
|1453|0x000000076b400000, 0x000000076b400000, 0x000000076b800000|  0%| F|  |TAMS 0x000000076b400000, 0x000000076b400000| Untracked 
|1454|0x000000076b800000, 0x000000076b800000, 0x000000076bc00000|  0%| F|  |TAMS 0x000000076b800000, 0x000000076b800000| Untracked 
|1455|0x000000076bc00000, 0x000000076bc00000, 0x000000076c000000|  0%| F|  |TAMS 0x000000076bc00000, 0x000000076bc00000| Untracked 
|1456|0x000000076c000000, 0x000000076c000000, 0x000000076c400000|  0%| F|  |TAMS 0x000000076c000000, 0x000000076c000000| Untracked 
|1457|0x000000076c400000, 0x000000076c400000, 0x000000076c800000|  0%| F|  |TAMS 0x000000076c400000, 0x000000076c400000| Untracked 
|1458|0x000000076c800000, 0x000000076c800000, 0x000000076cc00000|  0%| F|  |TAMS 0x000000076c800000, 0x000000076c800000| Untracked 
|1459|0x000000076cc00000, 0x000000076cc00000, 0x000000076d000000|  0%| F|  |TAMS 0x000000076cc00000, 0x000000076cc00000| Untracked 
|1460|0x000000076d000000, 0x000000076d000000, 0x000000076d400000|  0%| F|  |TAMS 0x000000076d000000, 0x000000076d000000| Untracked 
|1461|0x000000076d400000, 0x000000076d400000, 0x000000076d800000|  0%| F|  |TAMS 0x000000076d400000, 0x000000076d400000| Untracked 
|1462|0x000000076d800000, 0x000000076d800000, 0x000000076dc00000|  0%| F|  |TAMS 0x000000076d800000, 0x000000076d800000| Untracked 
|1463|0x000000076dc00000, 0x000000076dc00000, 0x000000076e000000|  0%| F|  |TAMS 0x000000076dc00000, 0x000000076dc00000| Untracked 
|1464|0x000000076e000000, 0x000000076e000000, 0x000000076e400000|  0%| F|  |TAMS 0x000000076e000000, 0x000000076e000000| Untracked 
|1465|0x000000076e400000, 0x000000076e400000, 0x000000076e800000|  0%| F|  |TAMS 0x000000076e400000, 0x000000076e400000| Untracked 
|1466|0x000000076e800000, 0x000000076e800000, 0x000000076ec00000|  0%| F|  |TAMS 0x000000076e800000, 0x000000076e800000| Untracked 
|1467|0x000000076ec00000, 0x000000076ec00000, 0x000000076f000000|  0%| F|  |TAMS 0x000000076ec00000, 0x000000076ec00000| Untracked 
|1468|0x000000076f000000, 0x000000076f000000, 0x000000076f400000|  0%| F|  |TAMS 0x000000076f000000, 0x000000076f000000| Untracked 
|1469|0x000000076f400000, 0x000000076f400000, 0x000000076f800000|  0%| F|  |TAMS 0x000000076f400000, 0x000000076f400000| Untracked 
|1470|0x000000076f800000, 0x000000076f800000, 0x000000076fc00000|  0%| F|  |TAMS 0x000000076f800000, 0x000000076f800000| Untracked 
|1471|0x000000076fc00000, 0x000000076fc00000, 0x0000000770000000|  0%| F|  |TAMS 0x000000076fc00000, 0x000000076fc00000| Untracked 
|1472|0x0000000770000000, 0x0000000770000000, 0x0000000770400000|  0%| F|  |TAMS 0x0000000770000000, 0x0000000770000000| Untracked 
|1473|0x0000000770400000, 0x0000000770400000, 0x0000000770800000|  0%| F|  |TAMS 0x0000000770400000, 0x0000000770400000| Untracked 
|1474|0x0000000770800000, 0x0000000770800000, 0x0000000770c00000|  0%| F|  |TAMS 0x0000000770800000, 0x0000000770800000| Untracked 
|1475|0x0000000770c00000, 0x0000000770c00000, 0x0000000771000000|  0%| F|  |TAMS 0x0000000770c00000, 0x0000000770c00000| Untracked 
|1476|0x0000000771000000, 0x0000000771000000, 0x0000000771400000|  0%| F|  |TAMS 0x0000000771000000, 0x0000000771000000| Untracked 
|1477|0x0000000771400000, 0x0000000771400000, 0x0000000771800000|  0%| F|  |TAMS 0x0000000771400000, 0x0000000771400000| Untracked 
|1478|0x0000000771800000, 0x0000000771800000, 0x0000000771c00000|  0%| F|  |TAMS 0x0000000771800000, 0x0000000771800000| Untracked 
|1479|0x0000000771c00000, 0x0000000771c00000, 0x0000000772000000|  0%| F|  |TAMS 0x0000000771c00000, 0x0000000771c00000| Untracked 
|1480|0x0000000772000000, 0x0000000772000000, 0x0000000772400000|  0%| F|  |TAMS 0x0000000772000000, 0x0000000772000000| Untracked 
|1481|0x0000000772400000, 0x0000000772400000, 0x0000000772800000|  0%| F|  |TAMS 0x0000000772400000, 0x0000000772400000| Untracked 
|1482|0x0000000772800000, 0x0000000772800000, 0x0000000772c00000|  0%| F|  |TAMS 0x0000000772800000, 0x0000000772800000| Untracked 
|1483|0x0000000772c00000, 0x0000000772c00000, 0x0000000773000000|  0%| F|  |TAMS 0x0000000772c00000, 0x0000000772c00000| Untracked 
|1484|0x0000000773000000, 0x0000000773000000, 0x0000000773400000|  0%| F|  |TAMS 0x0000000773000000, 0x0000000773000000| Untracked 
|1485|0x0000000773400000, 0x0000000773400000, 0x0000000773800000|  0%| F|  |TAMS 0x0000000773400000, 0x0000000773400000| Untracked 
|1486|0x0000000773800000, 0x0000000773800000, 0x0000000773c00000|  0%| F|  |TAMS 0x0000000773800000, 0x0000000773800000| Untracked 
|1487|0x0000000773c00000, 0x0000000773c00000, 0x0000000774000000|  0%| F|  |TAMS 0x0000000773c00000, 0x0000000773c00000| Untracked 
|1488|0x0000000774000000, 0x0000000774000000, 0x0000000774400000|  0%| F|  |TAMS 0x0000000774000000, 0x0000000774000000| Untracked 
|1489|0x0000000774400000, 0x0000000774400000, 0x0000000774800000|  0%| F|  |TAMS 0x0000000774400000, 0x0000000774400000| Untracked 
|1490|0x0000000774800000, 0x0000000774800000, 0x0000000774c00000|  0%| F|  |TAMS 0x0000000774800000, 0x0000000774800000| Untracked 
|1491|0x0000000774c00000, 0x0000000774c00000, 0x0000000775000000|  0%| F|  |TAMS 0x0000000774c00000, 0x0000000774c00000| Untracked 
|1492|0x0000000775000000, 0x0000000775000000, 0x0000000775400000|  0%| F|  |TAMS 0x0000000775000000, 0x0000000775000000| Untracked 
|1493|0x0000000775400000, 0x0000000775400000, 0x0000000775800000|  0%| F|  |TAMS 0x0000000775400000, 0x0000000775400000| Untracked 
|1494|0x0000000775800000, 0x0000000775800000, 0x0000000775c00000|  0%| F|  |TAMS 0x0000000775800000, 0x0000000775800000| Untracked 
|1495|0x0000000775c00000, 0x0000000775c00000, 0x0000000776000000|  0%| F|  |TAMS 0x0000000775c00000, 0x0000000775c00000| Untracked 
|1496|0x0000000776000000, 0x0000000776000000, 0x0000000776400000|  0%| F|  |TAMS 0x0000000776000000, 0x0000000776000000| Untracked 
|1497|0x0000000776400000, 0x0000000776400000, 0x0000000776800000|  0%| F|  |TAMS 0x0000000776400000, 0x0000000776400000| Untracked 
|1498|0x0000000776800000, 0x0000000776800000, 0x0000000776c00000|  0%| F|  |TAMS 0x0000000776800000, 0x0000000776800000| Untracked 
|1499|0x0000000776c00000, 0x0000000776c00000, 0x0000000777000000|  0%| F|  |TAMS 0x0000000776c00000, 0x0000000776c00000| Untracked 
|1500|0x0000000777000000, 0x0000000777000000, 0x0000000777400000|  0%| F|  |TAMS 0x0000000777000000, 0x0000000777000000| Untracked 
|1501|0x0000000777400000, 0x0000000777400000, 0x0000000777800000|  0%| F|  |TAMS 0x0000000777400000, 0x0000000777400000| Untracked 
|1502|0x0000000777800000, 0x0000000777800000, 0x0000000777c00000|  0%| F|  |TAMS 0x0000000777800000, 0x0000000777800000| Untracked 
|1503|0x0000000777c00000, 0x0000000777c00000, 0x0000000778000000|  0%| F|  |TAMS 0x0000000777c00000, 0x0000000777c00000| Untracked 
|1504|0x0000000778000000, 0x0000000778000000, 0x0000000778400000|  0%| F|  |TAMS 0x0000000778000000, 0x0000000778000000| Untracked 
|1505|0x0000000778400000, 0x0000000778400000, 0x0000000778800000|  0%| F|  |TAMS 0x0000000778400000, 0x0000000778400000| Untracked 
|1506|0x0000000778800000, 0x0000000778800000, 0x0000000778c00000|  0%| F|  |TAMS 0x0000000778800000, 0x0000000778800000| Untracked 
|1507|0x0000000778c00000, 0x0000000778c00000, 0x0000000779000000|  0%| F|  |TAMS 0x0000000778c00000, 0x0000000778c00000| Untracked 
|1508|0x0000000779000000, 0x0000000779000000, 0x0000000779400000|  0%| F|  |TAMS 0x0000000779000000, 0x0000000779000000| Untracked 
|1509|0x0000000779400000, 0x0000000779400000, 0x0000000779800000|  0%| F|  |TAMS 0x0000000779400000, 0x0000000779400000| Untracked 
|1510|0x0000000779800000, 0x0000000779800000, 0x0000000779c00000|  0%| F|  |TAMS 0x0000000779800000, 0x0000000779800000| Untracked 
|1511|0x0000000779c00000, 0x0000000779c00000, 0x000000077a000000|  0%| F|  |TAMS 0x0000000779c00000, 0x0000000779c00000| Untracked 
|1512|0x000000077a000000, 0x000000077a000000, 0x000000077a400000|  0%| F|  |TAMS 0x000000077a000000, 0x000000077a000000| Untracked 
|1513|0x000000077a400000, 0x000000077a400000, 0x000000077a800000|  0%| F|  |TAMS 0x000000077a400000, 0x000000077a400000| Untracked 
|1514|0x000000077a800000, 0x000000077a800000, 0x000000077ac00000|  0%| F|  |TAMS 0x000000077a800000, 0x000000077a800000| Untracked 
|1515|0x000000077ac00000, 0x000000077ac00000, 0x000000077b000000|  0%| F|  |TAMS 0x000000077ac00000, 0x000000077ac00000| Untracked 
|1516|0x000000077b000000, 0x000000077b000000, 0x000000077b400000|  0%| F|  |TAMS 0x000000077b000000, 0x000000077b000000| Untracked 
|1517|0x000000077b400000, 0x000000077b400000, 0x000000077b800000|  0%| F|  |TAMS 0x000000077b400000, 0x000000077b400000| Untracked 
|1518|0x000000077b800000, 0x000000077b800000, 0x000000077bc00000|  0%| F|  |TAMS 0x000000077b800000, 0x000000077b800000| Untracked 
|1519|0x000000077bc00000, 0x000000077bc00000, 0x000000077c000000|  0%| F|  |TAMS 0x000000077bc00000, 0x000000077bc00000| Untracked 
|1520|0x000000077c000000, 0x000000077c000000, 0x000000077c400000|  0%| F|  |TAMS 0x000000077c000000, 0x000000077c000000| Untracked 
|1521|0x000000077c400000, 0x000000077c400000, 0x000000077c800000|  0%| F|  |TAMS 0x000000077c400000, 0x000000077c400000| Untracked 
|1522|0x000000077c800000, 0x000000077c800000, 0x000000077cc00000|  0%| F|  |TAMS 0x000000077c800000, 0x000000077c800000| Untracked 
|1523|0x000000077cc00000, 0x000000077cc00000, 0x000000077d000000|  0%| F|  |TAMS 0x000000077cc00000, 0x000000077cc00000| Untracked 
|1524|0x000000077d000000, 0x000000077d000000, 0x000000077d400000|  0%| F|  |TAMS 0x000000077d000000, 0x000000077d000000| Untracked 
|1525|0x000000077d400000, 0x000000077d400000, 0x000000077d800000|  0%| F|  |TAMS 0x000000077d400000, 0x000000077d400000| Untracked 
|1526|0x000000077d800000, 0x000000077d800000, 0x000000077dc00000|  0%| F|  |TAMS 0x000000077d800000, 0x000000077d800000| Untracked 
|1527|0x000000077dc00000, 0x000000077dc00000, 0x000000077e000000|  0%| F|  |TAMS 0x000000077dc00000, 0x000000077dc00000| Untracked 
|1528|0x000000077e000000, 0x000000077e000000, 0x000000077e400000|  0%| F|  |TAMS 0x000000077e000000, 0x000000077e000000| Untracked 
|1529|0x000000077e400000, 0x000000077e400000, 0x000000077e800000|  0%| F|  |TAMS 0x000000077e400000, 0x000000077e400000| Untracked 
|1530|0x000000077e800000, 0x000000077e800000, 0x000000077ec00000|  0%| F|  |TAMS 0x000000077e800000, 0x000000077e800000| Untracked 
|1531|0x000000077ec00000, 0x000000077ec00000, 0x000000077f000000|  0%| F|  |TAMS 0x000000077ec00000, 0x000000077ec00000| Untracked 
|1532|0x000000077f000000, 0x000000077f000000, 0x000000077f400000|  0%| F|  |TAMS 0x000000077f000000, 0x000000077f000000| Untracked 
|1533|0x000000077f400000, 0x000000077f400000, 0x000000077f800000|  0%| F|  |TAMS 0x000000077f400000, 0x000000077f400000| Untracked 
|1534|0x000000077f800000, 0x000000077f800000, 0x000000077fc00000|  0%| F|  |TAMS 0x000000077f800000, 0x000000077f800000| Untracked 
|1535|0x000000077fc00000, 0x000000077fc00000, 0x0000000780000000|  0%| F|  |TAMS 0x000000077fc00000, 0x000000077fc00000| Untracked 
|1536|0x0000000780000000, 0x0000000780000000, 0x0000000780400000|  0%| F|  |TAMS 0x0000000780000000, 0x0000000780000000| Untracked 
|1537|0x0000000780400000, 0x0000000780400000, 0x0000000780800000|  0%| F|  |TAMS 0x0000000780400000, 0x0000000780400000| Untracked 
|1538|0x0000000780800000, 0x0000000780800000, 0x0000000780c00000|  0%| F|  |TAMS 0x0000000780800000, 0x0000000780800000| Untracked 
|1539|0x0000000780c00000, 0x0000000780c00000, 0x0000000781000000|  0%| F|  |TAMS 0x0000000780c00000, 0x0000000780c00000| Untracked 
|1540|0x0000000781000000, 0x0000000781000000, 0x0000000781400000|  0%| F|  |TAMS 0x0000000781000000, 0x0000000781000000| Untracked 
|1541|0x0000000781400000, 0x0000000781400000, 0x0000000781800000|  0%| F|  |TAMS 0x0000000781400000, 0x0000000781400000| Untracked 
|1542|0x0000000781800000, 0x0000000781800000, 0x0000000781c00000|  0%| F|  |TAMS 0x0000000781800000, 0x0000000781800000| Untracked 
|1543|0x0000000781c00000, 0x0000000781c00000, 0x0000000782000000|  0%| F|  |TAMS 0x0000000781c00000, 0x0000000781c00000| Untracked 
|1544|0x0000000782000000, 0x0000000782000000, 0x0000000782400000|  0%| F|  |TAMS 0x0000000782000000, 0x0000000782000000| Untracked 
|1545|0x0000000782400000, 0x0000000782400000, 0x0000000782800000|  0%| F|  |TAMS 0x0000000782400000, 0x0000000782400000| Untracked 
|1546|0x0000000782800000, 0x0000000782800000, 0x0000000782c00000|  0%| F|  |TAMS 0x0000000782800000, 0x0000000782800000| Untracked 
|1547|0x0000000782c00000, 0x0000000782c00000, 0x0000000783000000|  0%| F|  |TAMS 0x0000000782c00000, 0x0000000782c00000| Untracked 
|1548|0x0000000783000000, 0x0000000783000000, 0x0000000783400000|  0%| F|  |TAMS 0x0000000783000000, 0x0000000783000000| Untracked 
|1549|0x0000000783400000, 0x0000000783400000, 0x0000000783800000|  0%| F|  |TAMS 0x0000000783400000, 0x0000000783400000| Untracked 
|1550|0x0000000783800000, 0x0000000783800000, 0x0000000783c00000|  0%| F|  |TAMS 0x0000000783800000, 0x0000000783800000| Untracked 
|1551|0x0000000783c00000, 0x0000000783c00000, 0x0000000784000000|  0%| F|  |TAMS 0x0000000783c00000, 0x0000000783c00000| Untracked 
|1552|0x0000000784000000, 0x0000000784000000, 0x0000000784400000|  0%| F|  |TAMS 0x0000000784000000, 0x0000000784000000| Untracked 
|1553|0x0000000784400000, 0x0000000784400000, 0x0000000784800000|  0%| F|  |TAMS 0x0000000784400000, 0x0000000784400000| Untracked 
|1554|0x0000000784800000, 0x0000000784800000, 0x0000000784c00000|  0%| F|  |TAMS 0x0000000784800000, 0x0000000784800000| Untracked 
|1555|0x0000000784c00000, 0x0000000784c00000, 0x0000000785000000|  0%| F|  |TAMS 0x0000000784c00000, 0x0000000784c00000| Untracked 
|1556|0x0000000785000000, 0x0000000785000000, 0x0000000785400000|  0%| F|  |TAMS 0x0000000785000000, 0x0000000785000000| Untracked 
|1557|0x0000000785400000, 0x0000000785400000, 0x0000000785800000|  0%| F|  |TAMS 0x0000000785400000, 0x0000000785400000| Untracked 
|1558|0x0000000785800000, 0x0000000785800000, 0x0000000785c00000|  0%| F|  |TAMS 0x0000000785800000, 0x0000000785800000| Untracked 
|1559|0x0000000785c00000, 0x0000000785c00000, 0x0000000786000000|  0%| F|  |TAMS 0x0000000785c00000, 0x0000000785c00000| Untracked 
|1560|0x0000000786000000, 0x0000000786000000, 0x0000000786400000|  0%| F|  |TAMS 0x0000000786000000, 0x0000000786000000| Untracked 
|1561|0x0000000786400000, 0x0000000786400000, 0x0000000786800000|  0%| F|  |TAMS 0x0000000786400000, 0x0000000786400000| Untracked 
|1562|0x0000000786800000, 0x0000000786800000, 0x0000000786c00000|  0%| F|  |TAMS 0x0000000786800000, 0x0000000786800000| Untracked 
|1563|0x0000000786c00000, 0x0000000786c00000, 0x0000000787000000|  0%| F|  |TAMS 0x0000000786c00000, 0x0000000786c00000| Untracked 
|1564|0x0000000787000000, 0x0000000787000000, 0x0000000787400000|  0%| F|  |TAMS 0x0000000787000000, 0x0000000787000000| Untracked 
|1565|0x0000000787400000, 0x0000000787400000, 0x0000000787800000|  0%| F|  |TAMS 0x0000000787400000, 0x0000000787400000| Untracked 
|1566|0x0000000787800000, 0x0000000787800000, 0x0000000787c00000|  0%| F|  |TAMS 0x0000000787800000, 0x0000000787800000| Untracked 
|1567|0x0000000787c00000, 0x0000000787c00000, 0x0000000788000000|  0%| F|  |TAMS 0x0000000787c00000, 0x0000000787c00000| Untracked 
|1568|0x0000000788000000, 0x0000000788000000, 0x0000000788400000|  0%| F|  |TAMS 0x0000000788000000, 0x0000000788000000| Untracked 
|1569|0x0000000788400000, 0x0000000788400000, 0x0000000788800000|  0%| F|  |TAMS 0x0000000788400000, 0x0000000788400000| Untracked 
|1570|0x0000000788800000, 0x0000000788800000, 0x0000000788c00000|  0%| F|  |TAMS 0x0000000788800000, 0x0000000788800000| Untracked 
|1571|0x0000000788c00000, 0x0000000788c00000, 0x0000000789000000|  0%| F|  |TAMS 0x0000000788c00000, 0x0000000788c00000| Untracked 
|1572|0x0000000789000000, 0x0000000789000000, 0x0000000789400000|  0%| F|  |TAMS 0x0000000789000000, 0x0000000789000000| Untracked 
|1573|0x0000000789400000, 0x0000000789400000, 0x0000000789800000|  0%| F|  |TAMS 0x0000000789400000, 0x0000000789400000| Untracked 
|1574|0x0000000789800000, 0x0000000789800000, 0x0000000789c00000|  0%| F|  |TAMS 0x0000000789800000, 0x0000000789800000| Untracked 
|1575|0x0000000789c00000, 0x0000000789c00000, 0x000000078a000000|  0%| F|  |TAMS 0x0000000789c00000, 0x0000000789c00000| Untracked 
|1576|0x000000078a000000, 0x000000078a000000, 0x000000078a400000|  0%| F|  |TAMS 0x000000078a000000, 0x000000078a000000| Untracked 
|1577|0x000000078a400000, 0x000000078a400000, 0x000000078a800000|  0%| F|  |TAMS 0x000000078a400000, 0x000000078a400000| Untracked 
|1578|0x000000078a800000, 0x000000078a800000, 0x000000078ac00000|  0%| F|  |TAMS 0x000000078a800000, 0x000000078a800000| Untracked 
|1579|0x000000078ac00000, 0x000000078ac00000, 0x000000078b000000|  0%| F|  |TAMS 0x000000078ac00000, 0x000000078ac00000| Untracked 
|1580|0x000000078b000000, 0x000000078b000000, 0x000000078b400000|  0%| F|  |TAMS 0x000000078b000000, 0x000000078b000000| Untracked 
|1581|0x000000078b400000, 0x000000078b400000, 0x000000078b800000|  0%| F|  |TAMS 0x000000078b400000, 0x000000078b400000| Untracked 
|1582|0x000000078b800000, 0x000000078b800000, 0x000000078bc00000|  0%| F|  |TAMS 0x000000078b800000, 0x000000078b800000| Untracked 
|1583|0x000000078bc00000, 0x000000078bc00000, 0x000000078c000000|  0%| F|  |TAMS 0x000000078bc00000, 0x000000078bc00000| Untracked 
|1584|0x000000078c000000, 0x000000078c000000, 0x000000078c400000|  0%| F|  |TAMS 0x000000078c000000, 0x000000078c000000| Untracked 
|1585|0x000000078c400000, 0x000000078c400000, 0x000000078c800000|  0%| F|  |TAMS 0x000000078c400000, 0x000000078c400000| Untracked 
|1586|0x000000078c800000, 0x000000078c800000, 0x000000078cc00000|  0%| F|  |TAMS 0x000000078c800000, 0x000000078c800000| Untracked 
|1587|0x000000078cc00000, 0x000000078cc00000, 0x000000078d000000|  0%| F|  |TAMS 0x000000078cc00000, 0x000000078cc00000| Untracked 
|1588|0x000000078d000000, 0x000000078d000000, 0x000000078d400000|  0%| F|  |TAMS 0x000000078d000000, 0x000000078d000000| Untracked 
|1589|0x000000078d400000, 0x000000078d400000, 0x000000078d800000|  0%| F|  |TAMS 0x000000078d400000, 0x000000078d400000| Untracked 
|1590|0x000000078d800000, 0x000000078d800000, 0x000000078dc00000|  0%| F|  |TAMS 0x000000078d800000, 0x000000078d800000| Untracked 
|1591|0x000000078dc00000, 0x000000078dc00000, 0x000000078e000000|  0%| F|  |TAMS 0x000000078dc00000, 0x000000078dc00000| Untracked 
|1592|0x000000078e000000, 0x000000078e000000, 0x000000078e400000|  0%| F|  |TAMS 0x000000078e000000, 0x000000078e000000| Untracked 
|1593|0x000000078e400000, 0x000000078e400000, 0x000000078e800000|  0%| F|  |TAMS 0x000000078e400000, 0x000000078e400000| Untracked 
|1594|0x000000078e800000, 0x000000078e800000, 0x000000078ec00000|  0%| F|  |TAMS 0x000000078e800000, 0x000000078e800000| Untracked 
|1595|0x000000078ec00000, 0x000000078ec00000, 0x000000078f000000|  0%| F|  |TAMS 0x000000078ec00000, 0x000000078ec00000| Untracked 
|1596|0x000000078f000000, 0x000000078f000000, 0x000000078f400000|  0%| F|  |TAMS 0x000000078f000000, 0x000000078f000000| Untracked 
|1597|0x000000078f400000, 0x000000078f400000, 0x000000078f800000|  0%| F|  |TAMS 0x000000078f400000, 0x000000078f400000| Untracked 
|1598|0x000000078f800000, 0x000000078f800000, 0x000000078fc00000|  0%| F|  |TAMS 0x000000078f800000, 0x000000078f800000| Untracked 
|1599|0x000000078fc00000, 0x000000078fc00000, 0x0000000790000000|  0%| F|  |TAMS 0x000000078fc00000, 0x000000078fc00000| Untracked 
|1600|0x0000000790000000, 0x0000000790000000, 0x0000000790400000|  0%| F|  |TAMS 0x0000000790000000, 0x0000000790000000| Untracked 
|1601|0x0000000790400000, 0x0000000790400000, 0x0000000790800000|  0%| F|  |TAMS 0x0000000790400000, 0x0000000790400000| Untracked 
|1602|0x0000000790800000, 0x0000000790800000, 0x0000000790c00000|  0%| F|  |TAMS 0x0000000790800000, 0x0000000790800000| Untracked 
|1603|0x0000000790c00000, 0x0000000790c00000, 0x0000000791000000|  0%| F|  |TAMS 0x0000000790c00000, 0x0000000790c00000| Untracked 
|1604|0x0000000791000000, 0x0000000791000000, 0x0000000791400000|  0%| F|  |TAMS 0x0000000791000000, 0x0000000791000000| Untracked 
|1605|0x0000000791400000, 0x0000000791400000, 0x0000000791800000|  0%| F|  |TAMS 0x0000000791400000, 0x0000000791400000| Untracked 
|1606|0x0000000791800000, 0x0000000791800000, 0x0000000791c00000|  0%| F|  |TAMS 0x0000000791800000, 0x0000000791800000| Untracked 
|1607|0x0000000791c00000, 0x0000000791c00000, 0x0000000792000000|  0%| F|  |TAMS 0x0000000791c00000, 0x0000000791c00000| Untracked 
|1608|0x0000000792000000, 0x0000000792000000, 0x0000000792400000|  0%| F|  |TAMS 0x0000000792000000, 0x0000000792000000| Untracked 
|1609|0x0000000792400000, 0x0000000792400000, 0x0000000792800000|  0%| F|  |TAMS 0x0000000792400000, 0x0000000792400000| Untracked 
|1610|0x0000000792800000, 0x0000000792800000, 0x0000000792c00000|  0%| F|  |TAMS 0x0000000792800000, 0x0000000792800000| Untracked 
|1611|0x0000000792c00000, 0x0000000792c00000, 0x0000000793000000|  0%| F|  |TAMS 0x0000000792c00000, 0x0000000792c00000| Untracked 
|1612|0x0000000793000000, 0x0000000793400000, 0x0000000793400000|100%| S|CS|TAMS 0x0000000793000000, 0x0000000793000000| Complete 
|1613|0x0000000793400000, 0x0000000793800000, 0x0000000793800000|100%| S|CS|TAMS 0x0000000793400000, 0x0000000793400000| Complete 
|1614|0x0000000793800000, 0x0000000793c00000, 0x0000000793c00000|100%| S|CS|TAMS 0x0000000793800000, 0x0000000793800000| Complete 
|1615|0x0000000793c00000, 0x0000000794000000, 0x0000000794000000|100%| S|CS|TAMS 0x0000000793c00000, 0x0000000793c00000| Complete 
|1616|0x0000000794000000, 0x0000000794400000, 0x0000000794400000|100%| S|CS|TAMS 0x0000000794000000, 0x0000000794000000| Complete 
|1617|0x0000000794400000, 0x0000000794800000, 0x0000000794800000|100%| S|CS|TAMS 0x0000000794400000, 0x0000000794400000| Complete 
|1618|0x0000000794800000, 0x0000000794c00000, 0x0000000794c00000|100%| S|CS|TAMS 0x0000000794800000, 0x0000000794800000| Complete 
|1619|0x0000000794c00000, 0x0000000795000000, 0x0000000795000000|100%| S|CS|TAMS 0x0000000794c00000, 0x0000000794c00000| Complete 
|1620|0x0000000795000000, 0x0000000795400000, 0x0000000795400000|100%| S|CS|TAMS 0x0000000795000000, 0x0000000795000000| Complete 
|1621|0x0000000795400000, 0x0000000795800000, 0x0000000795800000|100%| S|CS|TAMS 0x0000000795400000, 0x0000000795400000| Complete 
|1622|0x0000000795800000, 0x0000000795c00000, 0x0000000795c00000|100%| S|CS|TAMS 0x0000000795800000, 0x0000000795800000| Complete 
|1623|0x0000000795c00000, 0x0000000796000000, 0x0000000796000000|100%| S|CS|TAMS 0x0000000795c00000, 0x0000000795c00000| Complete 
|1624|0x0000000796000000, 0x0000000796400000, 0x0000000796400000|100%| S|CS|TAMS 0x0000000796000000, 0x0000000796000000| Complete 
|1625|0x0000000796400000, 0x0000000796800000, 0x0000000796800000|100%| S|CS|TAMS 0x0000000796400000, 0x0000000796400000| Complete 
|1626|0x0000000796800000, 0x0000000796c00000, 0x0000000796c00000|100%| S|CS|TAMS 0x0000000796800000, 0x0000000796800000| Complete 
|1627|0x0000000796c00000, 0x0000000797000000, 0x0000000797000000|100%| S|CS|TAMS 0x0000000796c00000, 0x0000000796c00000| Complete 
|1628|0x0000000797000000, 0x0000000797400000, 0x0000000797400000|100%| S|CS|TAMS 0x0000000797000000, 0x0000000797000000| Complete 
|1629|0x0000000797400000, 0x0000000797800000, 0x0000000797800000|100%| S|CS|TAMS 0x0000000797400000, 0x0000000797400000| Complete 
|1630|0x0000000797800000, 0x0000000797c00000, 0x0000000797c00000|100%| S|CS|TAMS 0x0000000797800000, 0x0000000797800000| Complete 
|1631|0x0000000797c00000, 0x0000000797c00000, 0x0000000798000000|  0%| F|  |TAMS 0x0000000797c00000, 0x0000000797c00000| Untracked 
|1632|0x0000000798000000, 0x0000000798000000, 0x0000000798400000|  0%| F|  |TAMS 0x0000000798000000, 0x0000000798000000| Untracked 
|1633|0x0000000798400000, 0x0000000798400000, 0x0000000798800000|  0%| F|  |TAMS 0x0000000798400000, 0x0000000798400000| Untracked 
|1634|0x0000000798800000, 0x0000000798800000, 0x0000000798c00000|  0%| F|  |TAMS 0x0000000798800000, 0x0000000798800000| Untracked 
|1635|0x0000000798c00000, 0x0000000798c00000, 0x0000000799000000|  0%| F|  |TAMS 0x0000000798c00000, 0x0000000798c00000| Untracked 
|1636|0x0000000799000000, 0x0000000799000000, 0x0000000799400000|  0%| F|  |TAMS 0x0000000799000000, 0x0000000799000000| Untracked 
|1637|0x0000000799400000, 0x0000000799400000, 0x0000000799800000|  0%| F|  |TAMS 0x0000000799400000, 0x0000000799400000| Untracked 
|1638|0x0000000799800000, 0x0000000799800000, 0x0000000799c00000|  0%| F|  |TAMS 0x0000000799800000, 0x0000000799800000| Untracked 
|1639|0x0000000799c00000, 0x0000000799c00000, 0x000000079a000000|  0%| F|  |TAMS 0x0000000799c00000, 0x0000000799c00000| Untracked 
|1640|0x000000079a000000, 0x000000079a000000, 0x000000079a400000|  0%| F|  |TAMS 0x000000079a000000, 0x000000079a000000| Untracked 
|1641|0x000000079a400000, 0x000000079a400000, 0x000000079a800000|  0%| F|  |TAMS 0x000000079a400000, 0x000000079a400000| Untracked 
|1642|0x000000079a800000, 0x000000079a800000, 0x000000079ac00000|  0%| F|  |TAMS 0x000000079a800000, 0x000000079a800000| Untracked 
|1643|0x000000079ac00000, 0x000000079ac00000, 0x000000079b000000|  0%| F|  |TAMS 0x000000079ac00000, 0x000000079ac00000| Untracked 
|1644|0x000000079b000000, 0x000000079b000000, 0x000000079b400000|  0%| F|  |TAMS 0x000000079b000000, 0x000000079b000000| Untracked 
|1645|0x000000079b400000, 0x000000079b400000, 0x000000079b800000|  0%| F|  |TAMS 0x000000079b400000, 0x000000079b400000| Untracked 
|1646|0x000000079b800000, 0x000000079b800000, 0x000000079bc00000|  0%| F|  |TAMS 0x000000079b800000, 0x000000079b800000| Untracked 
|1647|0x000000079bc00000, 0x000000079bc00000, 0x000000079c000000|  0%| F|  |TAMS 0x000000079bc00000, 0x000000079bc00000| Untracked 
|1648|0x000000079c000000, 0x000000079c000000, 0x000000079c400000|  0%| F|  |TAMS 0x000000079c000000, 0x000000079c000000| Untracked 
|1649|0x000000079c400000, 0x000000079c400000, 0x000000079c800000|  0%| F|  |TAMS 0x000000079c400000, 0x000000079c400000| Untracked 
|1650|0x000000079c800000, 0x000000079c800000, 0x000000079cc00000|  0%| F|  |TAMS 0x000000079c800000, 0x000000079c800000| Untracked 
|1651|0x000000079cc00000, 0x000000079cc00000, 0x000000079d000000|  0%| F|  |TAMS 0x000000079cc00000, 0x000000079cc00000| Untracked 
|1652|0x000000079d000000, 0x000000079d000000, 0x000000079d400000|  0%| F|  |TAMS 0x000000079d000000, 0x000000079d000000| Untracked 
|1653|0x000000079d400000, 0x000000079d400000, 0x000000079d800000|  0%| F|  |TAMS 0x000000079d400000, 0x000000079d400000| Untracked 
|1654|0x000000079d800000, 0x000000079d800000, 0x000000079dc00000|  0%| F|  |TAMS 0x000000079d800000, 0x000000079d800000| Untracked 
|1655|0x000000079dc00000, 0x000000079dc00000, 0x000000079e000000|  0%| F|  |TAMS 0x000000079dc00000, 0x000000079dc00000| Untracked 
|1656|0x000000079e000000, 0x000000079e000000, 0x000000079e400000|  0%| F|  |TAMS 0x000000079e000000, 0x000000079e000000| Untracked 
|1657|0x000000079e400000, 0x000000079e400000, 0x000000079e800000|  0%| F|  |TAMS 0x000000079e400000, 0x000000079e400000| Untracked 
|1658|0x000000079e800000, 0x000000079e800000, 0x000000079ec00000|  0%| F|  |TAMS 0x000000079e800000, 0x000000079e800000| Untracked 
|1659|0x000000079ec00000, 0x000000079ec00000, 0x000000079f000000|  0%| F|  |TAMS 0x000000079ec00000, 0x000000079ec00000| Untracked 
|1660|0x000000079f000000, 0x000000079f000000, 0x000000079f400000|  0%| F|  |TAMS 0x000000079f000000, 0x000000079f000000| Untracked 
|1661|0x000000079f400000, 0x000000079f400000, 0x000000079f800000|  0%| F|  |TAMS 0x000000079f400000, 0x000000079f400000| Untracked 
|1662|0x000000079f800000, 0x000000079f800000, 0x000000079fc00000|  0%| F|  |TAMS 0x000000079f800000, 0x000000079f800000| Untracked 
|1663|0x000000079fc00000, 0x000000079fc00000, 0x00000007a0000000|  0%| F|  |TAMS 0x000000079fc00000, 0x000000079fc00000| Untracked 
|1664|0x00000007a0000000, 0x00000007a0000000, 0x00000007a0400000|  0%| F|  |TAMS 0x00000007a0000000, 0x00000007a0000000| Untracked 
|1665|0x00000007a0400000, 0x00000007a0400000, 0x00000007a0800000|  0%| F|  |TAMS 0x00000007a0400000, 0x00000007a0400000| Untracked 
|1666|0x00000007a0800000, 0x00000007a0800000, 0x00000007a0c00000|  0%| F|  |TAMS 0x00000007a0800000, 0x00000007a0800000| Untracked 
|1667|0x00000007a0c00000, 0x00000007a0c00000, 0x00000007a1000000|  0%| F|  |TAMS 0x00000007a0c00000, 0x00000007a0c00000| Untracked 
|1668|0x00000007a1000000, 0x00000007a1000000, 0x00000007a1400000|  0%| F|  |TAMS 0x00000007a1000000, 0x00000007a1000000| Untracked 
|1669|0x00000007a1400000, 0x00000007a1400000, 0x00000007a1800000|  0%| F|  |TAMS 0x00000007a1400000, 0x00000007a1400000| Untracked 
|1670|0x00000007a1800000, 0x00000007a1800000, 0x00000007a1c00000|  0%| F|  |TAMS 0x00000007a1800000, 0x00000007a1800000| Untracked 
|1671|0x00000007a1c00000, 0x00000007a1c00000, 0x00000007a2000000|  0%| F|  |TAMS 0x00000007a1c00000, 0x00000007a1c00000| Untracked 
|1672|0x00000007a2000000, 0x00000007a2000000, 0x00000007a2400000|  0%| F|  |TAMS 0x00000007a2000000, 0x00000007a2000000| Untracked 
|1673|0x00000007a2400000, 0x00000007a2800000, 0x00000007a2800000|100%| E|  |TAMS 0x00000007a2400000, 0x00000007a2400000| Complete 
|1674|0x00000007a2800000, 0x00000007a2c00000, 0x00000007a2c00000|100%| E|CS|TAMS 0x00000007a2800000, 0x00000007a2800000| Complete 
|1675|0x00000007a2c00000, 0x00000007a3000000, 0x00000007a3000000|100%| E|CS|TAMS 0x00000007a2c00000, 0x00000007a2c00000| Complete 
|1676|0x00000007a3000000, 0x00000007a3400000, 0x00000007a3400000|100%| E|CS|TAMS 0x00000007a3000000, 0x00000007a3000000| Complete 
|1677|0x00000007a3400000, 0x00000007a3800000, 0x00000007a3800000|100%| E|CS|TAMS 0x00000007a3400000, 0x00000007a3400000| Complete 
|1678|0x00000007a3800000, 0x00000007a3c00000, 0x00000007a3c00000|100%| E|CS|TAMS 0x00000007a3800000, 0x00000007a3800000| Complete 
|1679|0x00000007a3c00000, 0x00000007a4000000, 0x00000007a4000000|100%| E|CS|TAMS 0x00000007a3c00000, 0x00000007a3c00000| Complete 
|1680|0x00000007a4000000, 0x00000007a4400000, 0x00000007a4400000|100%| E|CS|TAMS 0x00000007a4000000, 0x00000007a4000000| Complete 
|1681|0x00000007a4400000, 0x00000007a4800000, 0x00000007a4800000|100%| E|CS|TAMS 0x00000007a4400000, 0x00000007a4400000| Complete 
|1682|0x00000007a4800000, 0x00000007a4c00000, 0x00000007a4c00000|100%| E|CS|TAMS 0x00000007a4800000, 0x00000007a4800000| Complete 
|1683|0x00000007a4c00000, 0x00000007a5000000, 0x00000007a5000000|100%| E|CS|TAMS 0x00000007a4c00000, 0x00000007a4c00000| Complete 
|1684|0x00000007a5000000, 0x00000007a5400000, 0x00000007a5400000|100%| E|CS|TAMS 0x00000007a5000000, 0x00000007a5000000| Complete 
|1685|0x00000007a5400000, 0x00000007a5800000, 0x00000007a5800000|100%| E|CS|TAMS 0x00000007a5400000, 0x00000007a5400000| Complete 
|1686|0x00000007a5800000, 0x00000007a5c00000, 0x00000007a5c00000|100%| E|CS|TAMS 0x00000007a5800000, 0x00000007a5800000| Complete 
|1687|0x00000007a5c00000, 0x00000007a6000000, 0x00000007a6000000|100%| E|CS|TAMS 0x00000007a5c00000, 0x00000007a5c00000| Complete 
|1688|0x00000007a6000000, 0x00000007a6400000, 0x00000007a6400000|100%| E|CS|TAMS 0x00000007a6000000, 0x00000007a6000000| Complete 
|1689|0x00000007a6400000, 0x00000007a6800000, 0x00000007a6800000|100%| E|CS|TAMS 0x00000007a6400000, 0x00000007a6400000| Complete 
|1690|0x00000007a6800000, 0x00000007a6c00000, 0x00000007a6c00000|100%| E|CS|TAMS 0x00000007a6800000, 0x00000007a6800000| Complete 
|1691|0x00000007a6c00000, 0x00000007a7000000, 0x00000007a7000000|100%| E|CS|TAMS 0x00000007a6c00000, 0x00000007a6c00000| Complete 
|1692|0x00000007a7000000, 0x00000007a7400000, 0x00000007a7400000|100%| E|CS|TAMS 0x00000007a7000000, 0x00000007a7000000| Complete 
|1693|0x00000007a7400000, 0x00000007a7800000, 0x00000007a7800000|100%| E|CS|TAMS 0x00000007a7400000, 0x00000007a7400000| Complete 
|1694|0x00000007a7800000, 0x00000007a7c00000, 0x00000007a7c00000|100%| E|CS|TAMS 0x00000007a7800000, 0x00000007a7800000| Complete 
|1695|0x00000007a7c00000, 0x00000007a8000000, 0x00000007a8000000|100%| E|CS|TAMS 0x00000007a7c00000, 0x00000007a7c00000| Complete 
|1696|0x00000007a8000000, 0x00000007a8400000, 0x00000007a8400000|100%| E|CS|TAMS 0x00000007a8000000, 0x00000007a8000000| Complete 
|1697|0x00000007a8400000, 0x00000007a8800000, 0x00000007a8800000|100%| E|CS|TAMS 0x00000007a8400000, 0x00000007a8400000| Complete 
|1698|0x00000007a8800000, 0x00000007a8c00000, 0x00000007a8c00000|100%| E|CS|TAMS 0x00000007a8800000, 0x00000007a8800000| Complete 
|1699|0x00000007a8c00000, 0x00000007a9000000, 0x00000007a9000000|100%| E|CS|TAMS 0x00000007a8c00000, 0x00000007a8c00000| Complete 
|1700|0x00000007a9000000, 0x00000007a9400000, 0x00000007a9400000|100%| E|CS|TAMS 0x00000007a9000000, 0x00000007a9000000| Complete 
|1701|0x00000007a9400000, 0x00000007a9800000, 0x00000007a9800000|100%| E|CS|TAMS 0x00000007a9400000, 0x00000007a9400000| Complete 
|1702|0x00000007a9800000, 0x00000007a9c00000, 0x00000007a9c00000|100%| E|CS|TAMS 0x00000007a9800000, 0x00000007a9800000| Complete 
|1703|0x00000007a9c00000, 0x00000007aa000000, 0x00000007aa000000|100%| E|CS|TAMS 0x00000007a9c00000, 0x00000007a9c00000| Complete 
|1704|0x00000007aa000000, 0x00000007aa400000, 0x00000007aa400000|100%| E|CS|TAMS 0x00000007aa000000, 0x00000007aa000000| Complete 
|1705|0x00000007aa400000, 0x00000007aa800000, 0x00000007aa800000|100%| E|CS|TAMS 0x00000007aa400000, 0x00000007aa400000| Complete 
|1706|0x00000007aa800000, 0x00000007aac00000, 0x00000007aac00000|100%| E|CS|TAMS 0x00000007aa800000, 0x00000007aa800000| Complete 
|1707|0x00000007aac00000, 0x00000007ab000000, 0x00000007ab000000|100%| E|CS|TAMS 0x00000007aac00000, 0x00000007aac00000| Complete 
|1708|0x00000007ab000000, 0x00000007ab400000, 0x00000007ab400000|100%| E|CS|TAMS 0x00000007ab000000, 0x00000007ab000000| Complete 
|1709|0x00000007ab400000, 0x00000007ab800000, 0x00000007ab800000|100%| E|CS|TAMS 0x00000007ab400000, 0x00000007ab400000| Complete 
|1710|0x00000007ab800000, 0x00000007abc00000, 0x00000007abc00000|100%| E|CS|TAMS 0x00000007ab800000, 0x00000007ab800000| Complete 
|1711|0x00000007abc00000, 0x00000007ac000000, 0x00000007ac000000|100%| E|CS|TAMS 0x00000007abc00000, 0x00000007abc00000| Complete 
|1712|0x00000007ac000000, 0x00000007ac400000, 0x00000007ac400000|100%| E|CS|TAMS 0x00000007ac000000, 0x00000007ac000000| Complete 
|1713|0x00000007ac400000, 0x00000007ac800000, 0x00000007ac800000|100%| E|CS|TAMS 0x00000007ac400000, 0x00000007ac400000| Complete 
|1714|0x00000007ac800000, 0x00000007acc00000, 0x00000007acc00000|100%| E|CS|TAMS 0x00000007ac800000, 0x00000007ac800000| Complete 
|1715|0x00000007acc00000, 0x00000007ad000000, 0x00000007ad000000|100%| E|CS|TAMS 0x00000007acc00000, 0x00000007acc00000| Complete 
|1716|0x00000007ad000000, 0x00000007ad400000, 0x00000007ad400000|100%| E|CS|TAMS 0x00000007ad000000, 0x00000007ad000000| Complete 
|1717|0x00000007ad400000, 0x00000007ad800000, 0x00000007ad800000|100%| E|CS|TAMS 0x00000007ad400000, 0x00000007ad400000| Complete 
|1718|0x00000007ad800000, 0x00000007adc00000, 0x00000007adc00000|100%| E|CS|TAMS 0x00000007ad800000, 0x00000007ad800000| Complete 
|1719|0x00000007adc00000, 0x00000007ae000000, 0x00000007ae000000|100%| E|CS|TAMS 0x00000007adc00000, 0x00000007adc00000| Complete 
|1720|0x00000007ae000000, 0x00000007ae400000, 0x00000007ae400000|100%| E|CS|TAMS 0x00000007ae000000, 0x00000007ae000000| Complete 
|1721|0x00000007ae400000, 0x00000007ae800000, 0x00000007ae800000|100%| E|CS|TAMS 0x00000007ae400000, 0x00000007ae400000| Complete 
|1722|0x00000007ae800000, 0x00000007aec00000, 0x00000007aec00000|100%| E|CS|TAMS 0x00000007ae800000, 0x00000007ae800000| Complete 
|1723|0x00000007aec00000, 0x00000007af000000, 0x00000007af000000|100%| E|CS|TAMS 0x00000007aec00000, 0x00000007aec00000| Complete 
|1724|0x00000007af000000, 0x00000007af400000, 0x00000007af400000|100%| E|CS|TAMS 0x00000007af000000, 0x00000007af000000| Complete 
|1725|0x00000007af400000, 0x00000007af800000, 0x00000007af800000|100%| E|CS|TAMS 0x00000007af400000, 0x00000007af400000| Complete 
|1726|0x00000007af800000, 0x00000007afc00000, 0x00000007afc00000|100%| E|CS|TAMS 0x00000007af800000, 0x00000007af800000| Complete 
|1727|0x00000007afc00000, 0x00000007b0000000, 0x00000007b0000000|100%| E|CS|TAMS 0x00000007afc00000, 0x00000007afc00000| Complete 
|1728|0x00000007b0000000, 0x00000007b0400000, 0x00000007b0400000|100%| E|CS|TAMS 0x00000007b0000000, 0x00000007b0000000| Complete 
|1729|0x00000007b0400000, 0x00000007b0800000, 0x00000007b0800000|100%| E|CS|TAMS 0x00000007b0400000, 0x00000007b0400000| Complete 
|1730|0x00000007b0800000, 0x00000007b0c00000, 0x00000007b0c00000|100%| E|CS|TAMS 0x00000007b0800000, 0x00000007b0800000| Complete 
|1731|0x00000007b0c00000, 0x00000007b1000000, 0x00000007b1000000|100%| E|CS|TAMS 0x00000007b0c00000, 0x00000007b0c00000| Complete 
|1732|0x00000007b1000000, 0x00000007b1400000, 0x00000007b1400000|100%| E|CS|TAMS 0x00000007b1000000, 0x00000007b1000000| Complete 
|1733|0x00000007b1400000, 0x00000007b1800000, 0x00000007b1800000|100%| E|CS|TAMS 0x00000007b1400000, 0x00000007b1400000| Complete 
|1734|0x00000007b1800000, 0x00000007b1c00000, 0x00000007b1c00000|100%| E|CS|TAMS 0x00000007b1800000, 0x00000007b1800000| Complete 
|1735|0x00000007b1c00000, 0x00000007b2000000, 0x00000007b2000000|100%| E|CS|TAMS 0x00000007b1c00000, 0x00000007b1c00000| Complete 
|1736|0x00000007b2000000, 0x00000007b2400000, 0x00000007b2400000|100%| E|CS|TAMS 0x00000007b2000000, 0x00000007b2000000| Complete 
|1737|0x00000007b2400000, 0x00000007b2800000, 0x00000007b2800000|100%| E|CS|TAMS 0x00000007b2400000, 0x00000007b2400000| Complete 
|1738|0x00000007b2800000, 0x00000007b2c00000, 0x00000007b2c00000|100%| E|CS|TAMS 0x00000007b2800000, 0x00000007b2800000| Complete 
|1739|0x00000007b2c00000, 0x00000007b3000000, 0x00000007b3000000|100%| E|CS|TAMS 0x00000007b2c00000, 0x00000007b2c00000| Complete 
|1740|0x00000007b3000000, 0x00000007b3400000, 0x00000007b3400000|100%| E|CS|TAMS 0x00000007b3000000, 0x00000007b3000000| Complete 
|1741|0x00000007b3400000, 0x00000007b3800000, 0x00000007b3800000|100%| E|CS|TAMS 0x00000007b3400000, 0x00000007b3400000| Complete 
|1742|0x00000007b3800000, 0x00000007b3c00000, 0x00000007b3c00000|100%| E|CS|TAMS 0x00000007b3800000, 0x00000007b3800000| Complete 
|1743|0x00000007b3c00000, 0x00000007b4000000, 0x00000007b4000000|100%| E|CS|TAMS 0x00000007b3c00000, 0x00000007b3c00000| Complete 
|1744|0x00000007b4000000, 0x00000007b4400000, 0x00000007b4400000|100%| E|CS|TAMS 0x00000007b4000000, 0x00000007b4000000| Complete 
|1745|0x00000007b4400000, 0x00000007b4800000, 0x00000007b4800000|100%| E|CS|TAMS 0x00000007b4400000, 0x00000007b4400000| Complete 
|1746|0x00000007b4800000, 0x00000007b4c00000, 0x00000007b4c00000|100%| E|CS|TAMS 0x00000007b4800000, 0x00000007b4800000| Complete 
|1747|0x00000007b4c00000, 0x00000007b5000000, 0x00000007b5000000|100%| E|CS|TAMS 0x00000007b4c00000, 0x00000007b4c00000| Complete 
|1748|0x00000007b5000000, 0x00000007b5400000, 0x00000007b5400000|100%| E|CS|TAMS 0x00000007b5000000, 0x00000007b5000000| Complete 
|1749|0x00000007b5400000, 0x00000007b5800000, 0x00000007b5800000|100%| E|CS|TAMS 0x00000007b5400000, 0x00000007b5400000| Complete 
|1750|0x00000007b5800000, 0x00000007b5c00000, 0x00000007b5c00000|100%| E|CS|TAMS 0x00000007b5800000, 0x00000007b5800000| Complete 
|1751|0x00000007b5c00000, 0x00000007b6000000, 0x00000007b6000000|100%| E|CS|TAMS 0x00000007b5c00000, 0x00000007b5c00000| Complete 
|1752|0x00000007b6000000, 0x00000007b6400000, 0x00000007b6400000|100%| E|CS|TAMS 0x00000007b6000000, 0x00000007b6000000| Complete 
|1753|0x00000007b6400000, 0x00000007b6800000, 0x00000007b6800000|100%| E|CS|TAMS 0x00000007b6400000, 0x00000007b6400000| Complete 
|1754|0x00000007b6800000, 0x00000007b6c00000, 0x00000007b6c00000|100%| E|CS|TAMS 0x00000007b6800000, 0x00000007b6800000| Complete 
|1755|0x00000007b6c00000, 0x00000007b7000000, 0x00000007b7000000|100%| E|CS|TAMS 0x00000007b6c00000, 0x00000007b6c00000| Complete 
|1756|0x00000007b7000000, 0x00000007b7400000, 0x00000007b7400000|100%| E|CS|TAMS 0x00000007b7000000, 0x00000007b7000000| Complete 
|1757|0x00000007b7400000, 0x00000007b7800000, 0x00000007b7800000|100%| E|CS|TAMS 0x00000007b7400000, 0x00000007b7400000| Complete 
|1758|0x00000007b7800000, 0x00000007b7c00000, 0x00000007b7c00000|100%| E|CS|TAMS 0x00000007b7800000, 0x00000007b7800000| Complete 
|1759|0x00000007b7c00000, 0x00000007b8000000, 0x00000007b8000000|100%| E|CS|TAMS 0x00000007b7c00000, 0x00000007b7c00000| Complete 
|1760|0x00000007b8000000, 0x00000007b8400000, 0x00000007b8400000|100%| E|CS|TAMS 0x00000007b8000000, 0x00000007b8000000| Complete 
|1761|0x00000007b8400000, 0x00000007b8800000, 0x00000007b8800000|100%| E|CS|TAMS 0x00000007b8400000, 0x00000007b8400000| Complete 
|1762|0x00000007b8800000, 0x00000007b8c00000, 0x00000007b8c00000|100%| E|CS|TAMS 0x00000007b8800000, 0x00000007b8800000| Complete 
|1763|0x00000007b8c00000, 0x00000007b9000000, 0x00000007b9000000|100%| E|CS|TAMS 0x00000007b8c00000, 0x00000007b8c00000| Complete 
|1764|0x00000007b9000000, 0x00000007b9400000, 0x00000007b9400000|100%| E|CS|TAMS 0x00000007b9000000, 0x00000007b9000000| Complete 
|1765|0x00000007b9400000, 0x00000007b9800000, 0x00000007b9800000|100%| E|CS|TAMS 0x00000007b9400000, 0x00000007b9400000| Complete 
|1766|0x00000007b9800000, 0x00000007b9c00000, 0x00000007b9c00000|100%| E|CS|TAMS 0x00000007b9800000, 0x00000007b9800000| Complete 
|1767|0x00000007b9c00000, 0x00000007ba000000, 0x00000007ba000000|100%| E|CS|TAMS 0x00000007b9c00000, 0x00000007b9c00000| Complete 
|1768|0x00000007ba000000, 0x00000007ba400000, 0x00000007ba400000|100%| E|CS|TAMS 0x00000007ba000000, 0x00000007ba000000| Complete 
|1769|0x00000007ba400000, 0x00000007ba800000, 0x00000007ba800000|100%| E|CS|TAMS 0x00000007ba400000, 0x00000007ba400000| Complete 
|1770|0x00000007ba800000, 0x00000007bac00000, 0x00000007bac00000|100%| E|CS|TAMS 0x00000007ba800000, 0x00000007ba800000| Complete 
|1771|0x00000007bac00000, 0x00000007bb000000, 0x00000007bb000000|100%| E|CS|TAMS 0x00000007bac00000, 0x00000007bac00000| Complete 
|1772|0x00000007bb000000, 0x00000007bb400000, 0x00000007bb400000|100%| E|CS|TAMS 0x00000007bb000000, 0x00000007bb000000| Complete 
|1773|0x00000007bb400000, 0x00000007bb800000, 0x00000007bb800000|100%| E|CS|TAMS 0x00000007bb400000, 0x00000007bb400000| Complete 
|1774|0x00000007bb800000, 0x00000007bbc00000, 0x00000007bbc00000|100%| E|CS|TAMS 0x00000007bb800000, 0x00000007bb800000| Complete 
|1775|0x00000007bbc00000, 0x00000007bc000000, 0x00000007bc000000|100%| E|CS|TAMS 0x00000007bbc00000, 0x00000007bbc00000| Complete 
|1776|0x00000007bc000000, 0x00000007bc400000, 0x00000007bc400000|100%| E|CS|TAMS 0x00000007bc000000, 0x00000007bc000000| Complete 
|1777|0x00000007bc400000, 0x00000007bc800000, 0x00000007bc800000|100%| E|CS|TAMS 0x00000007bc400000, 0x00000007bc400000| Complete 
|1778|0x00000007bc800000, 0x00000007bcc00000, 0x00000007bcc00000|100%| E|CS|TAMS 0x00000007bc800000, 0x00000007bc800000| Complete 
|1779|0x00000007bcc00000, 0x00000007bd000000, 0x00000007bd000000|100%| E|CS|TAMS 0x00000007bcc00000, 0x00000007bcc00000| Complete 
|1780|0x00000007bd000000, 0x00000007bd400000, 0x00000007bd400000|100%| E|CS|TAMS 0x00000007bd000000, 0x00000007bd000000| Complete 
|1781|0x00000007bd400000, 0x00000007bd800000, 0x00000007bd800000|100%| E|CS|TAMS 0x00000007bd400000, 0x00000007bd400000| Complete 
|1782|0x00000007bd800000, 0x00000007bdc00000, 0x00000007bdc00000|100%| E|CS|TAMS 0x00000007bd800000, 0x00000007bd800000| Complete 
|1783|0x00000007bdc00000, 0x00000007be000000, 0x00000007be000000|100%| E|CS|TAMS 0x00000007bdc00000, 0x00000007bdc00000| Complete 
|1784|0x00000007be000000, 0x00000007be400000, 0x00000007be400000|100%| E|CS|TAMS 0x00000007be000000, 0x00000007be000000| Complete 
|1785|0x00000007be400000, 0x00000007be800000, 0x00000007be800000|100%| E|CS|TAMS 0x00000007be400000, 0x00000007be400000| Complete 
|1786|0x00000007be800000, 0x00000007bec00000, 0x00000007bec00000|100%| E|CS|TAMS 0x00000007be800000, 0x00000007be800000| Complete 
|1787|0x00000007bec00000, 0x00000007bf000000, 0x00000007bf000000|100%| E|CS|TAMS 0x00000007bec00000, 0x00000007bec00000| Complete 
|1788|0x00000007bf000000, 0x00000007bf400000, 0x00000007bf400000|100%| E|CS|TAMS 0x00000007bf000000, 0x00000007bf000000| Complete 
|1789|0x00000007bf400000, 0x00000007bf800000, 0x00000007bf800000|100%| E|CS|TAMS 0x00000007bf400000, 0x00000007bf400000| Complete 
|1790|0x00000007bf800000, 0x00000007bfc00000, 0x00000007bfc00000|100%| E|CS|TAMS 0x00000007bf800000, 0x00000007bf800000| Complete 
|1791|0x00000007bfc00000, 0x00000007c0000000, 0x00000007c0000000|100%| E|CS|TAMS 0x00000007bfc00000, 0x00000007bfc00000| Complete 
|1792|0x00000007c0000000, 0x00000007c0400000, 0x00000007c0400000|100%| E|CS|TAMS 0x00000007c0000000, 0x00000007c0000000| Complete 
|1793|0x00000007c0400000, 0x00000007c0800000, 0x00000007c0800000|100%| E|CS|TAMS 0x00000007c0400000, 0x00000007c0400000| Complete 
|1794|0x00000007c0800000, 0x00000007c0c00000, 0x00000007c0c00000|100%| E|CS|TAMS 0x00000007c0800000, 0x00000007c0800000| Complete 
|1795|0x00000007c0c00000, 0x00000007c1000000, 0x00000007c1000000|100%| E|CS|TAMS 0x00000007c0c00000, 0x00000007c0c00000| Complete 
|1796|0x00000007c1000000, 0x00000007c1400000, 0x00000007c1400000|100%| E|CS|TAMS 0x00000007c1000000, 0x00000007c1000000| Complete 
|1797|0x00000007c1400000, 0x00000007c1800000, 0x00000007c1800000|100%| E|CS|TAMS 0x00000007c1400000, 0x00000007c1400000| Complete 
|1798|0x00000007c1800000, 0x00000007c1c00000, 0x00000007c1c00000|100%| E|CS|TAMS 0x00000007c1800000, 0x00000007c1800000| Complete 
|1799|0x00000007c1c00000, 0x00000007c2000000, 0x00000007c2000000|100%| E|CS|TAMS 0x00000007c1c00000, 0x00000007c1c00000| Complete 
|1800|0x00000007c2000000, 0x00000007c2400000, 0x00000007c2400000|100%| E|CS|TAMS 0x00000007c2000000, 0x00000007c2000000| Complete 
|1801|0x00000007c2400000, 0x00000007c2800000, 0x00000007c2800000|100%| E|CS|TAMS 0x00000007c2400000, 0x00000007c2400000| Complete 
|1802|0x00000007c2800000, 0x00000007c2c00000, 0x00000007c2c00000|100%| E|CS|TAMS 0x00000007c2800000, 0x00000007c2800000| Complete 
|1803|0x00000007c2c00000, 0x00000007c3000000, 0x00000007c3000000|100%| E|CS|TAMS 0x00000007c2c00000, 0x00000007c2c00000| Complete 
|1804|0x00000007c3000000, 0x00000007c3400000, 0x00000007c3400000|100%| E|CS|TAMS 0x00000007c3000000, 0x00000007c3000000| Complete 
|1805|0x00000007c3400000, 0x00000007c3800000, 0x00000007c3800000|100%| E|CS|TAMS 0x00000007c3400000, 0x00000007c3400000| Complete 
|1806|0x00000007c3800000, 0x00000007c3c00000, 0x00000007c3c00000|100%| E|CS|TAMS 0x00000007c3800000, 0x00000007c3800000| Complete 
|1807|0x00000007c3c00000, 0x00000007c4000000, 0x00000007c4000000|100%| E|CS|TAMS 0x00000007c3c00000, 0x00000007c3c00000| Complete 
|1808|0x00000007c4000000, 0x00000007c4400000, 0x00000007c4400000|100%| E|CS|TAMS 0x00000007c4000000, 0x00000007c4000000| Complete 
|1809|0x00000007c4400000, 0x00000007c4800000, 0x00000007c4800000|100%| E|CS|TAMS 0x00000007c4400000, 0x00000007c4400000| Complete 
|1810|0x00000007c4800000, 0x00000007c4c00000, 0x00000007c4c00000|100%| E|CS|TAMS 0x00000007c4800000, 0x00000007c4800000| Complete 
|1811|0x00000007c4c00000, 0x00000007c5000000, 0x00000007c5000000|100%| E|CS|TAMS 0x00000007c4c00000, 0x00000007c4c00000| Complete 
|1812|0x00000007c5000000, 0x00000007c5400000, 0x00000007c5400000|100%| E|CS|TAMS 0x00000007c5000000, 0x00000007c5000000| Complete 
|1813|0x00000007c5400000, 0x00000007c5800000, 0x00000007c5800000|100%| E|CS|TAMS 0x00000007c5400000, 0x00000007c5400000| Complete 
|1814|0x00000007c5800000, 0x00000007c5c00000, 0x00000007c5c00000|100%| E|CS|TAMS 0x00000007c5800000, 0x00000007c5800000| Complete 
|1815|0x00000007c5c00000, 0x00000007c6000000, 0x00000007c6000000|100%| E|CS|TAMS 0x00000007c5c00000, 0x00000007c5c00000| Complete 
|1816|0x00000007c6000000, 0x00000007c6400000, 0x00000007c6400000|100%| E|CS|TAMS 0x00000007c6000000, 0x00000007c6000000| Complete 
|1817|0x00000007c6400000, 0x00000007c6800000, 0x00000007c6800000|100%| E|CS|TAMS 0x00000007c6400000, 0x00000007c6400000| Complete 
|1818|0x00000007c6800000, 0x00000007c6c00000, 0x00000007c6c00000|100%| E|CS|TAMS 0x00000007c6800000, 0x00000007c6800000| Complete 
|1819|0x00000007c6c00000, 0x00000007c7000000, 0x00000007c7000000|100%| E|CS|TAMS 0x00000007c6c00000, 0x00000007c6c00000| Complete 
|1820|0x00000007c7000000, 0x00000007c7400000, 0x00000007c7400000|100%| E|CS|TAMS 0x00000007c7000000, 0x00000007c7000000| Complete 
|1821|0x00000007c7400000, 0x00000007c7800000, 0x00000007c7800000|100%| E|CS|TAMS 0x00000007c7400000, 0x00000007c7400000| Complete 
|1822|0x00000007c7800000, 0x00000007c7c00000, 0x00000007c7c00000|100%| E|CS|TAMS 0x00000007c7800000, 0x00000007c7800000| Complete 
|1823|0x00000007c7c00000, 0x00000007c8000000, 0x00000007c8000000|100%| E|CS|TAMS 0x00000007c7c00000, 0x00000007c7c00000| Complete 
|1824|0x00000007c8000000, 0x00000007c8400000, 0x00000007c8400000|100%| E|CS|TAMS 0x00000007c8000000, 0x00000007c8000000| Complete 
|1825|0x00000007c8400000, 0x00000007c8800000, 0x00000007c8800000|100%| E|CS|TAMS 0x00000007c8400000, 0x00000007c8400000| Complete 
|1826|0x00000007c8800000, 0x00000007c8c00000, 0x00000007c8c00000|100%| E|CS|TAMS 0x00000007c8800000, 0x00000007c8800000| Complete 
|1827|0x00000007c8c00000, 0x00000007c9000000, 0x00000007c9000000|100%| E|CS|TAMS 0x00000007c8c00000, 0x00000007c8c00000| Complete 
|1828|0x00000007c9000000, 0x00000007c9400000, 0x00000007c9400000|100%| E|CS|TAMS 0x00000007c9000000, 0x00000007c9000000| Complete 
|1829|0x00000007c9400000, 0x00000007c9800000, 0x00000007c9800000|100%| E|CS|TAMS 0x00000007c9400000, 0x00000007c9400000| Complete 
|1830|0x00000007c9800000, 0x00000007c9c00000, 0x00000007c9c00000|100%| E|CS|TAMS 0x00000007c9800000, 0x00000007c9800000| Complete 
|1831|0x00000007c9c00000, 0x00000007ca000000, 0x00000007ca000000|100%| E|CS|TAMS 0x00000007c9c00000, 0x00000007c9c00000| Complete 
|1832|0x00000007ca000000, 0x00000007ca400000, 0x00000007ca400000|100%| E|CS|TAMS 0x00000007ca000000, 0x00000007ca000000| Complete 
|1833|0x00000007ca400000, 0x00000007ca800000, 0x00000007ca800000|100%| E|CS|TAMS 0x00000007ca400000, 0x00000007ca400000| Complete 
|1834|0x00000007ca800000, 0x00000007cac00000, 0x00000007cac00000|100%| E|CS|TAMS 0x00000007ca800000, 0x00000007ca800000| Complete 
|1835|0x00000007cac00000, 0x00000007cb000000, 0x00000007cb000000|100%| E|CS|TAMS 0x00000007cac00000, 0x00000007cac00000| Complete 
|1836|0x00000007cb000000, 0x00000007cb400000, 0x00000007cb400000|100%| E|CS|TAMS 0x00000007cb000000, 0x00000007cb000000| Complete 
|1837|0x00000007cb400000, 0x00000007cb800000, 0x00000007cb800000|100%| E|CS|TAMS 0x00000007cb400000, 0x00000007cb400000| Complete 
|1838|0x00000007cb800000, 0x00000007cbc00000, 0x00000007cbc00000|100%| E|CS|TAMS 0x00000007cb800000, 0x00000007cb800000| Complete 
|1839|0x00000007cbc00000, 0x00000007cc000000, 0x00000007cc000000|100%| E|CS|TAMS 0x00000007cbc00000, 0x00000007cbc00000| Complete 
|1840|0x00000007cc000000, 0x00000007cc400000, 0x00000007cc400000|100%| E|CS|TAMS 0x00000007cc000000, 0x00000007cc000000| Complete 
|1841|0x00000007cc400000, 0x00000007cc800000, 0x00000007cc800000|100%| E|CS|TAMS 0x00000007cc400000, 0x00000007cc400000| Complete 
|1842|0x00000007cc800000, 0x00000007ccc00000, 0x00000007ccc00000|100%| E|CS|TAMS 0x00000007cc800000, 0x00000007cc800000| Complete 
|1843|0x00000007ccc00000, 0x00000007cd000000, 0x00000007cd000000|100%| E|CS|TAMS 0x00000007ccc00000, 0x00000007ccc00000| Complete 
|1844|0x00000007cd000000, 0x00000007cd400000, 0x00000007cd400000|100%| E|CS|TAMS 0x00000007cd000000, 0x00000007cd000000| Complete 
|1845|0x00000007cd400000, 0x00000007cd800000, 0x00000007cd800000|100%| E|CS|TAMS 0x00000007cd400000, 0x00000007cd400000| Complete 
|1846|0x00000007cd800000, 0x00000007cdc00000, 0x00000007cdc00000|100%| E|CS|TAMS 0x00000007cd800000, 0x00000007cd800000| Complete 
|1847|0x00000007cdc00000, 0x00000007ce000000, 0x00000007ce000000|100%| E|CS|TAMS 0x00000007cdc00000, 0x00000007cdc00000| Complete 
|1848|0x00000007ce000000, 0x00000007ce400000, 0x00000007ce400000|100%| E|CS|TAMS 0x00000007ce000000, 0x00000007ce000000| Complete 
|1849|0x00000007ce400000, 0x00000007ce800000, 0x00000007ce800000|100%| E|CS|TAMS 0x00000007ce400000, 0x00000007ce400000| Complete 
|1850|0x00000007ce800000, 0x00000007cec00000, 0x00000007cec00000|100%| E|CS|TAMS 0x00000007ce800000, 0x00000007ce800000| Complete 
|1851|0x00000007cec00000, 0x00000007cf000000, 0x00000007cf000000|100%| E|CS|TAMS 0x00000007cec00000, 0x00000007cec00000| Complete 
|1852|0x00000007cf000000, 0x00000007cf400000, 0x00000007cf400000|100%| E|CS|TAMS 0x00000007cf000000, 0x00000007cf000000| Complete 
|1853|0x00000007cf400000, 0x00000007cf800000, 0x00000007cf800000|100%| E|CS|TAMS 0x00000007cf400000, 0x00000007cf400000| Complete 
|1854|0x00000007cf800000, 0x00000007cfc00000, 0x00000007cfc00000|100%| E|CS|TAMS 0x00000007cf800000, 0x00000007cf800000| Complete 
|1855|0x00000007cfc00000, 0x00000007d0000000, 0x00000007d0000000|100%| E|CS|TAMS 0x00000007cfc00000, 0x00000007cfc00000| Complete 
|1856|0x00000007d0000000, 0x00000007d0400000, 0x00000007d0400000|100%| E|CS|TAMS 0x00000007d0000000, 0x00000007d0000000| Complete 
|1857|0x00000007d0400000, 0x00000007d0800000, 0x00000007d0800000|100%| E|CS|TAMS 0x00000007d0400000, 0x00000007d0400000| Complete 
|1858|0x00000007d0800000, 0x00000007d0c00000, 0x00000007d0c00000|100%| E|CS|TAMS 0x00000007d0800000, 0x00000007d0800000| Complete 
|1859|0x00000007d0c00000, 0x00000007d1000000, 0x00000007d1000000|100%| E|CS|TAMS 0x00000007d0c00000, 0x00000007d0c00000| Complete 
|1860|0x00000007d1000000, 0x00000007d1400000, 0x00000007d1400000|100%| E|CS|TAMS 0x00000007d1000000, 0x00000007d1000000| Complete 
|1861|0x00000007d1400000, 0x00000007d1800000, 0x00000007d1800000|100%| E|CS|TAMS 0x00000007d1400000, 0x00000007d1400000| Complete 
|1862|0x00000007d1800000, 0x00000007d1c00000, 0x00000007d1c00000|100%| E|CS|TAMS 0x00000007d1800000, 0x00000007d1800000| Complete 
|1863|0x00000007d1c00000, 0x00000007d2000000, 0x00000007d2000000|100%| E|CS|TAMS 0x00000007d1c00000, 0x00000007d1c00000| Complete 
|1864|0x00000007d2000000, 0x00000007d2400000, 0x00000007d2400000|100%| E|CS|TAMS 0x00000007d2000000, 0x00000007d2000000| Complete 
|1865|0x00000007d2400000, 0x00000007d2800000, 0x00000007d2800000|100%| E|CS|TAMS 0x00000007d2400000, 0x00000007d2400000| Complete 
|1866|0x00000007d2800000, 0x00000007d2c00000, 0x00000007d2c00000|100%| E|CS|TAMS 0x00000007d2800000, 0x00000007d2800000| Complete 
|1867|0x00000007d2c00000, 0x00000007d3000000, 0x00000007d3000000|100%| E|CS|TAMS 0x00000007d2c00000, 0x00000007d2c00000| Complete 
|1868|0x00000007d3000000, 0x00000007d3400000, 0x00000007d3400000|100%| E|CS|TAMS 0x00000007d3000000, 0x00000007d3000000| Complete 
|1869|0x00000007d3400000, 0x00000007d3800000, 0x00000007d3800000|100%| E|CS|TAMS 0x00000007d3400000, 0x00000007d3400000| Complete 
|1870|0x00000007d3800000, 0x00000007d3c00000, 0x00000007d3c00000|100%| E|CS|TAMS 0x00000007d3800000, 0x00000007d3800000| Complete 
|1871|0x00000007d3c00000, 0x00000007d4000000, 0x00000007d4000000|100%| E|CS|TAMS 0x00000007d3c00000, 0x00000007d3c00000| Complete 
|1872|0x00000007d4000000, 0x00000007d4400000, 0x00000007d4400000|100%| E|CS|TAMS 0x00000007d4000000, 0x00000007d4000000| Complete 
|1873|0x00000007d4400000, 0x00000007d4800000, 0x00000007d4800000|100%| E|CS|TAMS 0x00000007d4400000, 0x00000007d4400000| Complete 
|1874|0x00000007d4800000, 0x00000007d4c00000, 0x00000007d4c00000|100%| E|CS|TAMS 0x00000007d4800000, 0x00000007d4800000| Complete 
|1875|0x00000007d4c00000, 0x00000007d5000000, 0x00000007d5000000|100%| E|CS|TAMS 0x00000007d4c00000, 0x00000007d4c00000| Complete 
|1876|0x00000007d5000000, 0x00000007d5400000, 0x00000007d5400000|100%| E|CS|TAMS 0x00000007d5000000, 0x00000007d5000000| Complete 
|1877|0x00000007d5400000, 0x00000007d5800000, 0x00000007d5800000|100%| E|CS|TAMS 0x00000007d5400000, 0x00000007d5400000| Complete 
|1878|0x00000007d5800000, 0x00000007d5c00000, 0x00000007d5c00000|100%| E|CS|TAMS 0x00000007d5800000, 0x00000007d5800000| Complete 
|1879|0x00000007d5c00000, 0x00000007d6000000, 0x00000007d6000000|100%| E|CS|TAMS 0x00000007d5c00000, 0x00000007d5c00000| Complete 
|1880|0x00000007d6000000, 0x00000007d6400000, 0x00000007d6400000|100%| E|CS|TAMS 0x00000007d6000000, 0x00000007d6000000| Complete 
|1881|0x00000007d6400000, 0x00000007d6800000, 0x00000007d6800000|100%| E|CS|TAMS 0x00000007d6400000, 0x00000007d6400000| Complete 
|1882|0x00000007d6800000, 0x00000007d6c00000, 0x00000007d6c00000|100%| E|CS|TAMS 0x00000007d6800000, 0x00000007d6800000| Complete 
|1883|0x00000007d6c00000, 0x00000007d7000000, 0x00000007d7000000|100%| E|CS|TAMS 0x00000007d6c00000, 0x00000007d6c00000| Complete 
|1884|0x00000007d7000000, 0x00000007d7400000, 0x00000007d7400000|100%| E|CS|TAMS 0x00000007d7000000, 0x00000007d7000000| Complete 
|1885|0x00000007d7400000, 0x00000007d7800000, 0x00000007d7800000|100%| E|CS|TAMS 0x00000007d7400000, 0x00000007d7400000| Complete 
|1886|0x00000007d7800000, 0x00000007d7c00000, 0x00000007d7c00000|100%| E|CS|TAMS 0x00000007d7800000, 0x00000007d7800000| Complete 
|1887|0x00000007d7c00000, 0x00000007d8000000, 0x00000007d8000000|100%| E|CS|TAMS 0x00000007d7c00000, 0x00000007d7c00000| Complete 
|1888|0x00000007d8000000, 0x00000007d8400000, 0x00000007d8400000|100%| E|CS|TAMS 0x00000007d8000000, 0x00000007d8000000| Complete 
|1889|0x00000007d8400000, 0x00000007d8800000, 0x00000007d8800000|100%| E|CS|TAMS 0x00000007d8400000, 0x00000007d8400000| Complete 
|1890|0x00000007d8800000, 0x00000007d8c00000, 0x00000007d8c00000|100%| E|CS|TAMS 0x00000007d8800000, 0x00000007d8800000| Complete 
|1891|0x00000007d8c00000, 0x00000007d9000000, 0x00000007d9000000|100%| E|CS|TAMS 0x00000007d8c00000, 0x00000007d8c00000| Complete 
|1892|0x00000007d9000000, 0x00000007d9400000, 0x00000007d9400000|100%| E|CS|TAMS 0x00000007d9000000, 0x00000007d9000000| Complete 
|1893|0x00000007d9400000, 0x00000007d9800000, 0x00000007d9800000|100%| E|CS|TAMS 0x00000007d9400000, 0x00000007d9400000| Complete 
|1894|0x00000007d9800000, 0x00000007d9c00000, 0x00000007d9c00000|100%| E|CS|TAMS 0x00000007d9800000, 0x00000007d9800000| Complete 
|1895|0x00000007d9c00000, 0x00000007da000000, 0x00000007da000000|100%| E|CS|TAMS 0x00000007d9c00000, 0x00000007d9c00000| Complete 
|1896|0x00000007da000000, 0x00000007da400000, 0x00000007da400000|100%| E|CS|TAMS 0x00000007da000000, 0x00000007da000000| Complete 
|1897|0x00000007da400000, 0x00000007da800000, 0x00000007da800000|100%| E|CS|TAMS 0x00000007da400000, 0x00000007da400000| Complete 
|1898|0x00000007da800000, 0x00000007dac00000, 0x00000007dac00000|100%| E|CS|TAMS 0x00000007da800000, 0x00000007da800000| Complete 
|1899|0x00000007dac00000, 0x00000007db000000, 0x00000007db000000|100%| E|CS|TAMS 0x00000007dac00000, 0x00000007dac00000| Complete 
|1900|0x00000007db000000, 0x00000007db400000, 0x00000007db400000|100%| E|CS|TAMS 0x00000007db000000, 0x00000007db000000| Complete 
|1901|0x00000007db400000, 0x00000007db800000, 0x00000007db800000|100%| E|CS|TAMS 0x00000007db400000, 0x00000007db400000| Complete 
|1902|0x00000007db800000, 0x00000007dbc00000, 0x00000007dbc00000|100%| E|CS|TAMS 0x00000007db800000, 0x00000007db800000| Complete 
|1903|0x00000007dbc00000, 0x00000007dc000000, 0x00000007dc000000|100%| E|CS|TAMS 0x00000007dbc00000, 0x00000007dbc00000| Complete 
|1904|0x00000007dc000000, 0x00000007dc400000, 0x00000007dc400000|100%| E|CS|TAMS 0x00000007dc000000, 0x00000007dc000000| Complete 
|1905|0x00000007dc400000, 0x00000007dc800000, 0x00000007dc800000|100%| E|CS|TAMS 0x00000007dc400000, 0x00000007dc400000| Complete 
|1906|0x00000007dc800000, 0x00000007dcc00000, 0x00000007dcc00000|100%| E|CS|TAMS 0x00000007dc800000, 0x00000007dc800000| Complete 
|1907|0x00000007dcc00000, 0x00000007dd000000, 0x00000007dd000000|100%| E|CS|TAMS 0x00000007dcc00000, 0x00000007dcc00000| Complete 
|1908|0x00000007dd000000, 0x00000007dd400000, 0x00000007dd400000|100%| E|CS|TAMS 0x00000007dd000000, 0x00000007dd000000| Complete 
|1909|0x00000007dd400000, 0x00000007dd800000, 0x00000007dd800000|100%| E|CS|TAMS 0x00000007dd400000, 0x00000007dd400000| Complete 
|1910|0x00000007dd800000, 0x00000007ddc00000, 0x00000007ddc00000|100%| E|CS|TAMS 0x00000007dd800000, 0x00000007dd800000| Complete 
|1911|0x00000007ddc00000, 0x00000007de000000, 0x00000007de000000|100%| E|CS|TAMS 0x00000007ddc00000, 0x00000007ddc00000| Complete 
|1912|0x00000007de000000, 0x00000007de400000, 0x00000007de400000|100%| E|CS|TAMS 0x00000007de000000, 0x00000007de000000| Complete 
|1913|0x00000007de400000, 0x00000007de800000, 0x00000007de800000|100%| E|CS|TAMS 0x00000007de400000, 0x00000007de400000| Complete 
|1914|0x00000007de800000, 0x00000007dec00000, 0x00000007dec00000|100%| E|CS|TAMS 0x00000007de800000, 0x00000007de800000| Complete 
|1915|0x00000007dec00000, 0x00000007df000000, 0x00000007df000000|100%| E|CS|TAMS 0x00000007dec00000, 0x00000007dec00000| Complete 
|1916|0x00000007df000000, 0x00000007df400000, 0x00000007df400000|100%| E|CS|TAMS 0x00000007df000000, 0x00000007df000000| Complete 
|1917|0x00000007df400000, 0x00000007df800000, 0x00000007df800000|100%| E|CS|TAMS 0x00000007df400000, 0x00000007df400000| Complete 
|1918|0x00000007df800000, 0x00000007dfc00000, 0x00000007dfc00000|100%| E|CS|TAMS 0x00000007df800000, 0x00000007df800000| Complete 
|1919|0x00000007dfc00000, 0x00000007e0000000, 0x00000007e0000000|100%| E|CS|TAMS 0x00000007dfc00000, 0x00000007dfc00000| Complete 
|1920|0x00000007e0000000, 0x00000007e0400000, 0x00000007e0400000|100%| E|CS|TAMS 0x00000007e0000000, 0x00000007e0000000| Complete 
|1921|0x00000007e0400000, 0x00000007e0800000, 0x00000007e0800000|100%| E|CS|TAMS 0x00000007e0400000, 0x00000007e0400000| Complete 
|1922|0x00000007e0800000, 0x00000007e0c00000, 0x00000007e0c00000|100%| E|CS|TAMS 0x00000007e0800000, 0x00000007e0800000| Complete 
|1923|0x00000007e0c00000, 0x00000007e1000000, 0x00000007e1000000|100%| E|CS|TAMS 0x00000007e0c00000, 0x00000007e0c00000| Complete 
|1924|0x00000007e1000000, 0x00000007e1400000, 0x00000007e1400000|100%| E|CS|TAMS 0x00000007e1000000, 0x00000007e1000000| Complete 
|1925|0x00000007e1400000, 0x00000007e1800000, 0x00000007e1800000|100%| E|CS|TAMS 0x00000007e1400000, 0x00000007e1400000| Complete 
|1926|0x00000007e1800000, 0x00000007e1c00000, 0x00000007e1c00000|100%| E|CS|TAMS 0x00000007e1800000, 0x00000007e1800000| Complete 
|1927|0x00000007e1c00000, 0x00000007e2000000, 0x00000007e2000000|100%| E|CS|TAMS 0x00000007e1c00000, 0x00000007e1c00000| Complete 
|1928|0x00000007e2000000, 0x00000007e2400000, 0x00000007e2400000|100%| E|CS|TAMS 0x00000007e2000000, 0x00000007e2000000| Complete 
|1929|0x00000007e2400000, 0x00000007e2800000, 0x00000007e2800000|100%| E|CS|TAMS 0x00000007e2400000, 0x00000007e2400000| Complete 
|1930|0x00000007e2800000, 0x00000007e2c00000, 0x00000007e2c00000|100%| E|CS|TAMS 0x00000007e2800000, 0x00000007e2800000| Complete 
|1931|0x00000007e2c00000, 0x00000007e3000000, 0x00000007e3000000|100%| E|CS|TAMS 0x00000007e2c00000, 0x00000007e2c00000| Complete 
|1932|0x00000007e3000000, 0x00000007e3400000, 0x00000007e3400000|100%| E|CS|TAMS 0x00000007e3000000, 0x00000007e3000000| Complete 
|1933|0x00000007e3400000, 0x00000007e3800000, 0x00000007e3800000|100%| E|CS|TAMS 0x00000007e3400000, 0x00000007e3400000| Complete 
|1934|0x00000007e3800000, 0x00000007e3c00000, 0x00000007e3c00000|100%| E|CS|TAMS 0x00000007e3800000, 0x00000007e3800000| Complete 
|1935|0x00000007e3c00000, 0x00000007e4000000, 0x00000007e4000000|100%| E|CS|TAMS 0x00000007e3c00000, 0x00000007e3c00000| Complete 
|1936|0x00000007e4000000, 0x00000007e4400000, 0x00000007e4400000|100%| E|CS|TAMS 0x00000007e4000000, 0x00000007e4000000| Complete 
|1937|0x00000007e4400000, 0x00000007e4800000, 0x00000007e4800000|100%| E|CS|TAMS 0x00000007e4400000, 0x00000007e4400000| Complete 
|1938|0x00000007e4800000, 0x00000007e4c00000, 0x00000007e4c00000|100%| E|CS|TAMS 0x00000007e4800000, 0x00000007e4800000| Complete 
|1939|0x00000007e4c00000, 0x00000007e5000000, 0x00000007e5000000|100%| E|CS|TAMS 0x00000007e4c00000, 0x00000007e4c00000| Complete 

Card table byte_map: [0x000001a846380000,0x000001a847380000] _byte_map_base: 0x000001a843380000

Marking Bits (Prev, Next): (CMBitMap*) 0x000001a82e4d8e90, (CMBitMap*) 0x000001a82e4d8ed0
 Prev Bits: [0x000001a848380000, 0x000001a850380000)
 Next Bits: [0x000001a850380000, 0x000001a858380000)

Polling page: 0x000001a82c300000

Metaspace:

Usage:
  Non-class:     11.83 MB used.
      Class:      1.53 MB used.
       Both:     13.35 MB used.

Virtual space:
  Non-class space:       64.00 MB reserved,      12.06 MB ( 19%) committed,  1 nodes.
      Class space:        1.00 GB reserved,       1.75 MB ( <1%) committed,  1 nodes.
             Both:        1.06 GB reserved,      13.81 MB (  1%) committed. 

Chunk freelists:
   Non-Class:  3.03 MB
       Class:  2.31 MB
        Both:  5.34 MB

MaxMetaspaceSize: unlimited
CompressedClassSpaceSize: 1.00 GB
Initial GC threshold: 21.00 MB
Current GC threshold: 22.94 MB
CDS: on
MetaspaceReclaimPolicy: balanced
 - commit_granule_bytes: 65536.
 - commit_granule_words: 8192.
 - virtual_space_node_default_size: 8388608.
 - enlarge_chunks_in_place: 1.
 - new_chunks_are_fully_committed: 0.
 - uncommit_free_chunks: 1.
 - use_allocation_guard: 0.


Internal statistics:

num_allocs_failed_limit: 0.
num_arena_births: 520.
num_arena_deaths: 0.
num_vsnodes_births: 2.
num_vsnodes_deaths: 0.
num_space_committed: 221.
num_space_uncommitted: 0.
num_chunks_returned_to_freelist: 0.
num_chunks_taken_from_freelist: 921.
num_chunk_merges: 0.
num_chunk_splits: 697.
num_chunks_enlarged: 509.
num_inconsistent_stats: 0.

CodeHeap 'non-profiled nmethods': size=120000Kb used=2768Kb max_used=2768Kb free=117231Kb
 bounds [0x000001a83de50000, 0x000001a83e130000, 0x000001a845380000]
CodeHeap 'profiled nmethods': size=120000Kb used=5016Kb max_used=7072Kb free=114983Kb
 bounds [0x000001a836380000, 0x000001a836a70000, 0x000001a83d8b0000]
CodeHeap 'non-nmethods': size=5760Kb used=1320Kb max_used=1402Kb free=4439Kb
 bounds [0x000001a83d8b0000, 0x000001a83db20000, 0x000001a83de50000]
 total_blobs=3353 nmethods=2802 adapters=461
 compilation: enabled
              stopped_count=0, restarted_count=0
 full_count=0

Compilation events (20 events):
Event: 2209.348 Thread 0x000001a85ed30120 3500       3       sun.nio.fs.WindowsNativeDispatcher::asNativeBuffer (103 bytes)
Event: 2209.349 Thread 0x000001a85ed30120 nmethod 3500 0x000001a836525a90 code [0x000001a836525d00, 0x000001a836526758]
Event: 2209.349 Thread 0x000001a85ed30120 3501   !   3       sun.nio.fs.WindowsPath::getPathForWin32Calls (147 bytes)
Event: 2209.349 Thread 0x000001a85ed30120 nmethod 3501 0x000001a836810310 code [0x000001a8368105c0, 0x000001a836811538]
Event: 2209.350 Thread 0x000001a85ed30120 3502       3       sun.nio.fs.WindowsPath::isEmpty (8 bytes)
Event: 2209.350 Thread 0x000001a85ed30120 nmethod 3502 0x000001a836631090 code [0x000001a836631240, 0x000001a836631418]
Event: 2263.082 Thread 0x000001a85ed30120 3503       3       java.lang.StringConcatHelper::prepend (22 bytes)
Event: 2263.082 Thread 0x000001a85ed30120 nmethod 3503 0x000001a8363f6a90 code [0x000001a8363f6c60, 0x000001a8363f6ee8]
Event: 2324.858 Thread 0x000001a85ed30120 3504       3       java.lang.StringConcatHelper::prepend (22 bytes)
Event: 2324.859 Thread 0x000001a85ed30120 nmethod 3504 0x000001a83667bb10 code [0x000001a83667bcc0, 0x000001a83667be58]
Event: 2324.861 Thread 0x000001a85ed2b2a0 3505   !   4       java.io.BufferedOutputStream::flush (60 bytes)
Event: 2324.867 Thread 0x000001a85ed2b2a0 nmethod 3505 0x000001a83e041410 code [0x000001a83e041600, 0x000001a83e041c10]
Event: 2351.950 Thread 0x000001a85ed30120 3506       3       java.lang.Boolean::valueOf (14 bytes)
Event: 2351.950 Thread 0x000001a85ed30120 nmethod 3506 0x000001a8366e0a10 code [0x000001a8366e0bc0, 0x000001a8366e0d38]
Event: 2398.291 Thread 0x000001a85ed2b2a0 3507   !   4       java.nio.CharBuffer::wrap (21 bytes)
Event: 2398.293 Thread 0x000001a85ed2b2a0 nmethod 3507 0x000001a83de7a910 code [0x000001a83de7aaa0, 0x000001a83de7ad58]
Event: 2398.293 Thread 0x000001a85ed2b2a0 3509       4       java.util.Arrays::fill (28 bytes)
Event: 2398.295 Thread 0x000001a85ed2b2a0 nmethod 3509 0x000001a83dff5e10 code [0x000001a83dff5fa0, 0x000001a83dff6198]
Event: 2398.295 Thread 0x000001a85ed2b2a0 3508       4       java.nio.HeapCharBuffer::<init> (23 bytes)
Event: 2398.297 Thread 0x000001a85ed2b2a0 nmethod 3508 0x000001a83de79e10 code [0x000001a83de79fa0, 0x000001a83de7a398]

GC Heap History (20 events):
Event: 2416.892 GC heap before
{Heap before GC invocations=11805 (full 0):
 garbage-first heap   total 7913472K, used 7025203K [0x0000000600000000, 0x0000000800000000)
  region size 4096K, 330 young (1351680K), 22 survivors (90112K)
 Metaspace       used 13675K, committed 14144K, reserved 1114112K
  class space    used 1562K, committed 1792K, reserved 1048576K
}
Event: 2416.912 GC heap after
{Heap after GC invocations=11806 (full 0):
 garbage-first heap   total 7946240K, used 5804595K [0x0000000600000000, 0x0000000800000000)
  region size 4096K, 32 young (131072K), 32 survivors (131072K)
 Metaspace       used 13675K, committed 14144K, reserved 1114112K
  class space    used 1562K, committed 1792K, reserved 1048576K
}
Event: 2417.106 GC heap before
{Heap before GC invocations=11806 (full 0):
 garbage-first heap   total 7946240K, used 7012915K [0x0000000600000000, 0x0000000800000000)
  region size 4096K, 328 young (1343488K), 32 survivors (131072K)
 Metaspace       used 13675K, committed 14144K, reserved 1114112K
  class space    used 1562K, committed 1792K, reserved 1048576K
}
Event: 2417.126 GC heap after
{Heap after GC invocations=11807 (full 0):
 garbage-first heap   total 7946240K, used 5806323K [0x0000000600000000, 0x0000000800000000)
  region size 4096K, 21 young (86016K), 21 survivors (86016K)
 Metaspace       used 13675K, committed 14144K, reserved 1114112K
  class space    used 1562K, committed 1792K, reserved 1048576K
}
Event: 2417.320 GC heap before
{Heap before GC invocations=11807 (full 0):
 garbage-first heap   total 7946240K, used 7063795K [0x0000000600000000, 0x0000000800000000)
  region size 4096K, 328 young (1343488K), 21 survivors (86016K)
 Metaspace       used 13675K, committed 14144K, reserved 1114112K
  class space    used 1562K, committed 1792K, reserved 1048576K
}
Event: 2417.333 GC heap after
{Heap after GC invocations=11808 (full 0):
 garbage-first heap   total 7946240K, used 5812467K [0x0000000600000000, 0x0000000800000000)
  region size 4096K, 23 young (94208K), 23 survivors (94208K)
 Metaspace       used 13675K, committed 14144K, reserved 1114112K
  class space    used 1562K, committed 1792K, reserved 1048576K
}
Event: 2417.517 GC heap before
{Heap before GC invocations=11808 (full 0):
 garbage-first heap   total 7946240K, used 7053555K [0x0000000600000000, 0x0000000800000000)
  region size 4096K, 326 young (1335296K), 23 survivors (94208K)
 Metaspace       used 13675K, committed 14144K, reserved 1114112K
  class space    used 1562K, committed 1792K, reserved 1048576K
}
Event: 2417.528 GC heap after
{Heap after GC invocations=11809 (full 0):
 garbage-first heap   total 7946240K, used 5801688K [0x0000000600000000, 0x0000000800000000)
  region size 4096K, 18 young (73728K), 18 survivors (73728K)
 Metaspace       used 13675K, committed 14144K, reserved 1114112K
  class space    used 1562K, committed 1792K, reserved 1048576K
}
Event: 2417.715 GC heap before
{Heap before GC invocations=11809 (full 0):
 garbage-first heap   total 7946240K, used 7075544K [0x0000000600000000, 0x0000000800000000)
  region size 4096K, 329 young (1347584K), 18 survivors (73728K)
 Metaspace       used 13675K, committed 14144K, reserved 1114112K
  class space    used 1562K, committed 1792K, reserved 1048576K
}
Event: 2417.726 GC heap after
{Heap after GC invocations=11810 (full 0):
 garbage-first heap   total 7946240K, used 5803736K [0x0000000600000000, 0x0000000800000000)
  region size 4096K, 18 young (73728K), 18 survivors (73728K)
 Metaspace       used 13675K, committed 14144K, reserved 1114112K
  class space    used 1562K, committed 1792K, reserved 1048576K
}
Event: 2417.935 GC heap before
{Heap before GC invocations=11810 (full 0):
 garbage-first heap   total 7946240K, used 7077592K [0x0000000600000000, 0x0000000800000000)
  region size 4096K, 329 young (1347584K), 18 survivors (73728K)
 Metaspace       used 13675K, committed 14144K, reserved 1114112K
  class space    used 1562K, committed 1792K, reserved 1048576K
}
Event: 2417.946 GC heap after
{Heap after GC invocations=11811 (full 0):
 garbage-first heap   total 7946240K, used 5807832K [0x0000000600000000, 0x0000000800000000)
  region size 4096K, 19 young (77824K), 19 survivors (77824K)
 Metaspace       used 13675K, committed 14144K, reserved 1114112K
  class space    used 1562K, committed 1792K, reserved 1048576K
}
Event: 2418.143 GC heap before
{Heap before GC invocations=11811 (full 0):
 garbage-first heap   total 7946240K, used 7073496K [0x0000000600000000, 0x0000000800000000)
  region size 4096K, 328 young (1343488K), 19 survivors (77824K)
 Metaspace       used 13675K, committed 14144K, reserved 1114112K
  class space    used 1562K, committed 1792K, reserved 1048576K
}
Event: 2418.155 GC heap after
{Heap after GC invocations=11812 (full 0):
 garbage-first heap   total 7946240K, used 5811928K [0x0000000600000000, 0x0000000800000000)
  region size 4096K, 20 young (81920K), 20 survivors (81920K)
 Metaspace       used 13675K, committed 14144K, reserved 1114112K
  class space    used 1562K, committed 1792K, reserved 1048576K
}
Event: 2418.344 GC heap before
{Heap before GC invocations=11812 (full 0):
 garbage-first heap   total 7946240K, used 7069400K [0x0000000600000000, 0x0000000800000000)
  region size 4096K, 327 young (1339392K), 20 survivors (81920K)
 Metaspace       used 13675K, committed 14144K, reserved 1114112K
  class space    used 1562K, committed 1792K, reserved 1048576K
}
Event: 2418.355 GC heap after
{Heap after GC invocations=11813 (full 0):
 garbage-first heap   total 7946240K, used 5801688K [0x0000000600000000, 0x0000000800000000)
  region size 4096K, 18 young (73728K), 18 survivors (73728K)
 Metaspace       used 13675K, committed 14144K, reserved 1114112K
  class space    used 1562K, committed 1792K, reserved 1048576K
}
Event: 2418.547 GC heap before
{Heap before GC invocations=11813 (full 0):
 garbage-first heap   total 7946240K, used 7075544K [0x0000000600000000, 0x0000000800000000)
  region size 4096K, 329 young (1347584K), 18 survivors (73728K)
 Metaspace       used 13675K, committed 14144K, reserved 1114112K
  class space    used 1562K, committed 1792K, reserved 1048576K
}
Event: 2418.558 GC heap after
{Heap after GC invocations=11814 (full 0):
 garbage-first heap   total 7946240K, used 5805784K [0x0000000600000000, 0x0000000800000000)
  region size 4096K, 19 young (77824K), 19 survivors (77824K)
 Metaspace       used 13675K, committed 14144K, reserved 1114112K
  class space    used 1562K, committed 1792K, reserved 1048576K
}
Event: 2418.752 GC heap before
{Heap before GC invocations=11814 (full 0):
 garbage-first heap   total 7946240K, used 7071448K [0x0000000600000000, 0x0000000800000000)
  region size 4096K, 328 young (1343488K), 19 survivors (77824K)
 Metaspace       used 13675K, committed 14144K, reserved 1114112K
  class space    used 1562K, committed 1792K, reserved 1048576K
}
Event: 2418.763 GC heap after
{Heap after GC invocations=11815 (full 0):
 garbage-first heap   total 7946240K, used 5807832K [0x0000000600000000, 0x0000000800000000)
  region size 4096K, 19 young (77824K), 19 survivors (77824K)
 Metaspace       used 13675K, committed 14144K, reserved 1114112K
  class space    used 1562K, committed 1792K, reserved 1048576K
}

Dll operation events (7 events):
Event: 0.010 Loaded shared library C:\Program Files\Java\jdk-19\bin\java.dll
Event: 0.020 Loaded shared library C:\Program Files\Java\jdk-19\bin\jsvml.dll
Event: 0.061 Loaded shared library C:\Program Files\Java\jdk-19\bin\net.dll
Event: 0.064 Loaded shared library C:\Program Files\Java\jdk-19\bin\nio.dll
Event: 0.072 Loaded shared library C:\Program Files\Java\jdk-19\bin\zip.dll
Event: 0.098 Loaded shared library C:\Program Files\Java\jdk-19\bin\jimage.dll
Event: 1.218 Loaded shared library C:\Program Files\Java\jdk-19\bin\awt.dll

Deoptimization events (20 events):
Event: 1158.767 Thread 0x000001a82e421fb0 Uncommon trap: trap_request=0xffffff45 fr.pc=0x000001a83e0ba114 relative=0x0000000000008cf4
Event: 1158.767 Thread 0x000001a82e421fb0 Uncommon trap: reason=unstable_if action=reinterpret pc=0x000001a83e0ba114 method=mcvs.search.MCVSPlayer.mcvsSelect(Lgame/Game;Lother/context/Context;DII)Lother/move/Move; @ 428 c2
Event: 1158.767 Thread 0x000001a82e421fb0 DEOPT PACKING pc=0x000001a83e0ba114 sp=0x0000004a080fef00
Event: 1158.767 Thread 0x000001a82e421fb0 DEOPT UNPACKING pc=0x000001a83d916da3 sp=0x0000004a080feeb0 mode 2
Event: 1164.648 Thread 0x000001a82e421fb0 DEOPT PACKING pc=0x000001a83651a3c7 sp=0x0000004a080fee80
Event: 1164.648 Thread 0x000001a82e421fb0 DEOPT UNPACKING pc=0x000001a83d917543 sp=0x0000004a080fe3a8 mode 0
Event: 1167.779 Thread 0x000001a82e421fb0 DEOPT PACKING pc=0x000001a83651a3c7 sp=0x0000004a080fee80
Event: 1167.779 Thread 0x000001a82e421fb0 DEOPT UNPACKING pc=0x000001a83d917543 sp=0x0000004a080fe3a8 mode 0
Event: 1167.880 Thread 0x000001a82e421fb0 Uncommon trap: trap_request=0xffffff45 fr.pc=0x000001a83e0a8338 relative=0x0000000000004b38
Event: 1167.880 Thread 0x000001a82e421fb0 Uncommon trap: reason=unstable_if action=reinterpret pc=0x000001a83e0a8338 method=mcvs.search.MCVSPlayer.mcvsSelect(Lgame/Game;Lother/context/Context;DII)Lother/move/Move; @ 428 c2
Event: 1167.880 Thread 0x000001a82e421fb0 DEOPT PACKING pc=0x000001a83e0a8338 sp=0x0000004a080fef20
Event: 1167.880 Thread 0x000001a82e421fb0 DEOPT UNPACKING pc=0x000001a83d916da3 sp=0x0000004a080feeb0 mode 2
Event: 1177.045 Thread 0x000001a82e421fb0 DEOPT PACKING pc=0x000001a83651a3c7 sp=0x0000004a080fee80
Event: 1177.045 Thread 0x000001a82e421fb0 DEOPT UNPACKING pc=0x000001a83d917543 sp=0x0000004a080fe3a8 mode 0
Event: 2031.291 Thread 0x000001a82e421fb0 DEOPT PACKING pc=0x000001a836a0b2fd sp=0x0000004a080fe9c0
Event: 2031.291 Thread 0x000001a82e421fb0 DEOPT UNPACKING pc=0x000001a83d917543 sp=0x0000004a080fddf8 mode 0
Event: 2082.344 Thread 0x000001a82e421fb0 DEOPT PACKING pc=0x000001a836907123 sp=0x0000004a080fef60
Event: 2082.344 Thread 0x000001a82e421fb0 DEOPT UNPACKING pc=0x000001a83d917543 sp=0x0000004a080fe480 mode 0
Event: 2398.291 Thread 0x000001a82e421fb0 DEOPT PACKING pc=0x000001a8369c97c3 sp=0x0000004a080fe8f0
Event: 2398.291 Thread 0x000001a82e421fb0 DEOPT UNPACKING pc=0x000001a83d917543 sp=0x0000004a080fdd80 mode 0

Classes loaded (20 events):
Event: 50.086 Loading class sun/nio/ch/IOStatus
Event: 50.087 Loading class sun/nio/ch/IOStatus done
Event: 50.091 Loading class jdk/internal/math/FormattedFloatingDecimal$Form
Event: 50.091 Loading class jdk/internal/math/FormattedFloatingDecimal$Form done
Event: 50.091 Loading class jdk/internal/math/FormattedFloatingDecimal
Event: 50.091 Loading class jdk/internal/math/FormattedFloatingDecimal done
Event: 50.091 Loading class jdk/internal/math/FormattedFloatingDecimal$1
Event: 50.091 Loading class jdk/internal/math/FormattedFloatingDecimal$1 done
Event: 50.091 Loading class jdk/internal/math/FormattedFloatingDecimal$2
Event: 50.091 Loading class jdk/internal/math/FormattedFloatingDecimal$2 done
Event: 117.025 Loading class java/nio/file/AccessMode
Event: 117.025 Loading class java/nio/file/AccessMode done
Event: 117.032 Loading class java/time/Instant$1
Event: 117.032 Loading class java/time/Instant$1 done
Event: 452.078 Loading class java/io/FileOutputStream$1
Event: 452.079 Loading class java/io/FileOutputStream$1 done
Event: 1368.784 Loading class java/lang/foreign/MemorySegment
Event: 1368.784 Loading class java/lang/foreign/Addressable
Event: 1368.784 Loading class java/lang/foreign/Addressable done
Event: 1368.784 Loading class java/lang/foreign/MemorySegment done

Classes unloaded (0 events):
No events

Classes redefined (0 events):
No events

Internal exceptions (20 events):
Event: 1869.484 Thread 0x000001a82e421fb0 Exception <a 'sun/nio/fs/WindowsException'{0x000000075d39cef8}> (0x000000075d39cef8) 
thrown [s\open\src\hotspot\share\prims\jni.cpp, line 517]
Event: 1925.417 Thread 0x000001a82e421fb0 Exception <a 'sun/nio/fs/WindowsException'{0x000000074f322240}> (0x000000074f322240) 
thrown [s\open\src\hotspot\share\prims\jni.cpp, line 517]
Event: 1925.419 Thread 0x000001a82e421fb0 Exception <a 'sun/nio/fs/WindowsException'{0x000000074f329480}> (0x000000074f329480) 
thrown [s\open\src\hotspot\share\prims\jni.cpp, line 517]
Event: 2031.292 Thread 0x000001a82e421fb0 Exception <a 'sun/nio/fs/WindowsException'{0x0000000792fa1988}> (0x0000000792fa1988) 
thrown [s\open\src\hotspot\share\prims\jni.cpp, line 517]
Event: 2031.293 Thread 0x000001a82e421fb0 Exception <a 'sun/nio/fs/WindowsException'{0x0000000792fa92e0}> (0x0000000792fa92e0) 
thrown [s\open\src\hotspot\share\prims\jni.cpp, line 517]
Event: 2082.334 Thread 0x000001a82e421fb0 Exception <a 'sun/nio/fs/WindowsException'{0x000000079b6e8bf0}> (0x000000079b6e8bf0) 
thrown [s\open\src\hotspot\share\prims\jni.cpp, line 517]
Event: 2082.336 Thread 0x000001a82e421fb0 Exception <a 'sun/nio/fs/WindowsException'{0x000000079b6efd38}> (0x000000079b6efd38) 
thrown [s\open\src\hotspot\share\prims\jni.cpp, line 517]
Event: 2118.780 Thread 0x000001a82e421fb0 Exception <a 'sun/nio/fs/WindowsException'{0x000000077b1187d8}> (0x000000077b1187d8) 
thrown [s\open\src\hotspot\share\prims\jni.cpp, line 517]
Event: 2118.782 Thread 0x000001a82e421fb0 Exception <a 'sun/nio/fs/WindowsException'{0x000000077b11f7a0}> (0x000000077b11f7a0) 
thrown [s\open\src\hotspot\share\prims\jni.cpp, line 517]
Event: 2118.785 Thread 0x000001a82e421fb0 Exception <a 'sun/nio/fs/WindowsException'{0x000000077b129710}> (0x000000077b129710) 
thrown [s\open\src\hotspot\share\prims\jni.cpp, line 517]
Event: 2165.193 Thread 0x000001a82e421fb0 Exception <a 'sun/nio/fs/WindowsException'{0x0000000780f37120}> (0x0000000780f37120) 
thrown [s\open\src\hotspot\share\prims\jni.cpp, line 517]
Event: 2165.194 Thread 0x000001a82e421fb0 Exception <a 'sun/nio/fs/WindowsException'{0x0000000780f3e1e0}> (0x0000000780f3e1e0) 
thrown [s\open\src\hotspot\share\prims\jni.cpp, line 517]
Event: 2209.347 Thread 0x000001a82e421fb0 Exception <a 'sun/nio/fs/WindowsException'{0x0000000797e97e98}> (0x0000000797e97e98) 
thrown [s\open\src\hotspot\share\prims\jni.cpp, line 517]
Event: 2209.349 Thread 0x000001a82e421fb0 Exception <a 'sun/nio/fs/WindowsException'{0x0000000797e9ef50}> (0x0000000797e9ef50) 
thrown [s\open\src\hotspot\share\prims\jni.cpp, line 517]
Event: 2263.075 Thread 0x000001a82e421fb0 Exception <a 'sun/nio/fs/WindowsException'{0x000000077d055750}> (0x000000077d055750) 
thrown [s\open\src\hotspot\share\prims\jni.cpp, line 517]
Event: 2263.077 Thread 0x000001a82e421fb0 Exception <a 'sun/nio/fs/WindowsException'{0x000000077d05c8f8}> (0x000000077d05c8f8) 
thrown [s\open\src\hotspot\share\prims\jni.cpp, line 517]
Event: 2324.857 Thread 0x000001a82e421fb0 Exception <a 'sun/nio/fs/WindowsException'{0x00000007b9ca1d98}> (0x00000007b9ca1d98) 
thrown [s\open\src\hotspot\share\prims\jni.cpp, line 517]
Event: 2324.859 Thread 0x000001a82e421fb0 Exception <a 'sun/nio/fs/WindowsException'{0x00000007b9ca90b8}> (0x00000007b9ca90b8) 
thrown [s\open\src\hotspot\share\prims\jni.cpp, line 517]
Event: 2351.947 Thread 0x000001a82e421fb0 Exception <a 'sun/nio/fs/WindowsException'{0x00000007c5684d88}> (0x00000007c5684d88) 
thrown [s\open\src\hotspot\share\prims\jni.cpp, line 517]
Event: 2351.948 Thread 0x000001a82e421fb0 Exception <a 'sun/nio/fs/WindowsException'{0x00000007c568bbe8}> (0x00000007c568bbe8) 
thrown [s\open\src\hotspot\share\prims\jni.cpp, line 517]

VM Operations (20 events):
Event: 2416.912 Executing VM operation: G1CollectForAllocation done
Event: 2417.106 Executing VM operation: G1CollectForAllocation
Event: 2417.126 Executing VM operation: G1CollectForAllocation done
Event: 2417.320 Executing VM operation: G1CollectForAllocation
Event: 2417.333 Executing VM operation: G1CollectForAllocation done
Event: 2417.517 Executing VM operation: G1CollectForAllocation
Event: 2417.529 Executing VM operation: G1CollectForAllocation done
Event: 2417.715 Executing VM operation: G1CollectForAllocation
Event: 2417.726 Executing VM operation: G1CollectForAllocation done
Event: 2417.935 Executing VM operation: G1CollectForAllocation
Event: 2417.946 Executing VM operation: G1CollectForAllocation done
Event: 2418.143 Executing VM operation: G1CollectForAllocation
Event: 2418.155 Executing VM operation: G1CollectForAllocation done
Event: 2418.344 Executing VM operation: G1CollectForAllocation
Event: 2418.355 Executing VM operation: G1CollectForAllocation done
Event: 2418.547 Executing VM operation: G1CollectForAllocation
Event: 2418.558 Executing VM operation: G1CollectForAllocation done
Event: 2418.752 Executing VM operation: G1CollectForAllocation
Event: 2418.763 Executing VM operation: G1CollectForAllocation done
Event: 2418.950 Executing VM operation: G1PauseRemark

Events (20 events):
Event: 2165.194 Thread 0x000001a85efc4d20 Thread exited: 0x000001a85efc4d20
Event: 2165.199 Thread 0x000001a85efc57c0 Thread added: 0x000001a85efc57c0
Event: 2165.199 Thread 0x000001a85efc5d10 Thread added: 0x000001a85efc5d10
Event: 2165.263 Thread 0x000001a85efc6260 Thread exited: 0x000001a85efc6260
Event: 2209.418 Thread 0x000001a85efc5d10 Thread exited: 0x000001a85efc5d10
Event: 2209.434 Thread 0x000001a85efc57c0 Thread exited: 0x000001a85efc57c0
Event: 2210.848 Thread 0x000001a85efc77a0 Thread added: 0x000001a85efc77a0
Event: 2210.848 Thread 0x000001a85efc57c0 Thread added: 0x000001a85efc57c0
Event: 2263.082 Thread 0x000001a85efc5270 Thread added: 0x000001a85efc5270
Event: 2263.082 Thread 0x000001a85efc6260 Thread added: 0x000001a85efc6260
Event: 2263.107 Thread 0x000001a85efc77a0 Thread exited: 0x000001a85efc77a0
Event: 2263.133 Thread 0x000001a85efc57c0 Thread exited: 0x000001a85efc57c0
Event: 2324.882 Thread 0x000001a85efc5270 Thread exited: 0x000001a85efc5270
Event: 2324.958 Thread 0x000001a85efc6260 Thread exited: 0x000001a85efc6260
Event: 2326.362 Thread 0x000001a85efc7250 Thread added: 0x000001a85efc7250
Event: 2326.362 Thread 0x000001a85efc6d00 Thread added: 0x000001a85efc6d00
Event: 2351.953 Thread 0x000001a85efc5270 Thread added: 0x000001a85efc5270
Event: 2351.953 Thread 0x000001a85efc57c0 Thread added: 0x000001a85efc57c0
Event: 2352.072 Thread 0x000001a85efc7250 Thread exited: 0x000001a85efc7250
Event: 2352.078 Thread 0x000001a85efc6d00 Thread exited: 0x000001a85efc6d00


Dynamic libraries:
0x00007ff796620000 - 0x00007ff796630000 	C:\Program Files\Java\jdk-19\bin\java.exe
0x00007ffae9d60000 - 0x00007ffae9fc6000 	C:\WINDOWS\SYSTEM32\ntdll.dll
0x00007ffae9420000 - 0x00007ffae94e9000 	C:\WINDOWS\System32\KERNEL32.DLL
0x00007ffae75c0000 - 0x00007ffae79be000 	C:\WINDOWS\System32\KERNELBASE.dll
0x00007ffae71b0000 - 0x00007ffae72fc000 	C:\WINDOWS\System32\ucrtbase.dll
0x00007ffacdd70000 - 0x00007ffacdd8b000 	C:\Program Files\Java\jdk-19\bin\VCRUNTIME140.dll
0x00007ffad0470000 - 0x00007ffad0488000 	C:\Program Files\Java\jdk-19\bin\jli.dll
0x00007ffae9760000 - 0x00007ffae9817000 	C:\WINDOWS\System32\ADVAPI32.dll
0x00007ffae8630000 - 0x00007ffae86d9000 	C:\WINDOWS\System32\msvcrt.dll
0x00007ffae7f20000 - 0x00007ffae7fca000 	C:\WINDOWS\System32\sechost.dll
0x00007ffae9200000 - 0x00007ffae9318000 	C:\WINDOWS\System32\RPCRT4.dll
0x00007ffae9820000 - 0x00007ffae99e7000 	C:\WINDOWS\System32\USER32.dll
0x00007ffae79d0000 - 0x00007ffae79f7000 	C:\WINDOWS\System32\win32u.dll
0x00007fface220000 - 0x00007fface4b2000 	C:\WINDOWS\WinSxS\amd64_microsoft.windows.common-controls_6595b64144ccf1df_6.0.26100.8875_none_3e0d5d42e32fe9dd\COMCTL32.dll
0x00007ffae9a40000 - 0x00007ffae9a6b000 	C:\WINDOWS\System32\GDI32.dll
0x00007ffae73d0000 - 0x00007ffae74fa000 	C:\WINDOWS\System32\gdi32full.dll
0x00007ffae7100000 - 0x00007ffae71a3000 	C:\WINDOWS\System32\msvcp_win.dll
0x00007ffad8a50000 - 0x00007ffad8a5b000 	C:\WINDOWS\SYSTEM32\VERSION.dll
0x00007ffae7fd0000 - 0x00007ffae8002000 	C:\WINDOWS\System32\IMM32.DLL
0x00007ffacdd60000 - 0x00007ffacdd6c000 	C:\Program Files\Java\jdk-19\bin\vcruntime140_1.dll
0x00007ffaa43d0000 - 0x00007ffaa445e000 	C:\Program Files\Java\jdk-19\bin\msvcp140.dll
0x00007ffa75190000 - 0x00007ffa75e50000 	C:\Program Files\Java\jdk-19\bin\server\jvm.dll
0x00007ffadf110000 - 0x00007ffadf11a000 	C:\WINDOWS\SYSTEM32\WSOCK32.dll
0x00007ffad3010000 - 0x00007ffad3046000 	C:\WINDOWS\SYSTEM32\WINMM.dll
0x00007ffae8760000 - 0x00007ffae87e0000 	C:\WINDOWS\System32\WS2_32.dll
0x00007ffae5c20000 - 0x00007ffae5c3b000 	C:\WINDOWS\SYSTEM32\kernel.appcore.dll
0x00007ffacdcf0000 - 0x00007ffacdcfa000 	C:\Program Files\Java\jdk-19\bin\jimage.dll
0x00007ffad41f0000 - 0x00007ffad4432000 	C:\WINDOWS\SYSTEM32\DBGHELP.DLL
0x00007ffae8010000 - 0x00007ffae8393000 	C:\WINDOWS\System32\combase.dll
0x00007ffae9660000 - 0x00007ffae9739000 	C:\WINDOWS\System32\OLEAUT32.dll
0x00007ffad3ef0000 - 0x00007ffad3f2b000 	C:\WINDOWS\SYSTEM32\dbgcore.DLL
0x00007ffae7310000 - 0x00007ffae73bc000 	C:\WINDOWS\System32\bcryptPrimitives.dll
0x00007ffacc850000 - 0x00007ffacc876000 	C:\Program Files\Java\jdk-19\bin\java.dll
0x00007ffa9c9d0000 - 0x00007ffa9caa7000 	C:\Program Files\Java\jdk-19\bin\jsvml.dll
0x00007ffae87f0000 - 0x00007ffae8f82000 	C:\WINDOWS\System32\SHELL32.dll
0x00007ffae4a00000 - 0x00007ffae5292000 	C:\WINDOWS\SYSTEM32\windows.storage.dll
0x00007ffae9320000 - 0x00007ffae9417000 	C:\WINDOWS\System32\SHCORE.dll
0x00007ffae9c40000 - 0x00007ffae9ca7000 	C:\WINDOWS\System32\shlwapi.dll
0x00007ffae6ea0000 - 0x00007ffae6ec9000 	C:\WINDOWS\SYSTEM32\profapi.dll
0x00007ffacd5b0000 - 0x00007ffacd5c3000 	C:\Program Files\Java\jdk-19\bin\net.dll
0x00007ffadead0000 - 0x00007ffadebf7000 	C:\WINDOWS\SYSTEM32\WINHTTP.dll
0x00007ffae61b0000 - 0x00007ffae621c000 	C:\WINDOWS\system32\mswsock.dll
0x00007ffacce40000 - 0x00007ffacce56000 	C:\Program Files\Java\jdk-19\bin\nio.dll
0x00007ffacc830000 - 0x00007ffacc848000 	C:\Program Files\Java\jdk-19\bin\zip.dll
0x00007ffa8e680000 - 0x00007ffa8e811000 	C:\Program Files\Java\jdk-19\bin\awt.dll
0x00007ffae3f60000 - 0x00007ffae4000000 	C:\WINDOWS\SYSTEM32\apphelp.dll

dbghelp: loaded successfully - version: 4.0.5 - missing functions: none
symbol engine: initialized successfully - sym options: 0x614 - pdb path: .;C:\Program Files\Java\jdk-19\bin;C:\WINDOWS\SYSTEM32;C:\WINDOWS\WinSxS\amd64_microsoft.windows.common-controls_6595b64144ccf1df_6.0.26100.8875_none_3e0d5d42e32fe9dd;C:\Program Files\Java\jdk-19\bin\server

VM Arguments:
jvm_args: -Xms512m -Xmx2g -Xmx8g 
java_command: mcvs.Main 50 1.5
java_class_path (initial): out;lib\Ludii-1.3.14.jar
Launcher Type: SUN_STANDARD

[Global flags]
     intx CICompilerCount                          = 3                                         {product} {ergonomic}
     uint ConcGCThreads                            = 2                                         {product} {ergonomic}
     uint G1ConcRefinementThreads                  = 6                                         {product} {ergonomic}
   size_t G1HeapRegionSize                         = 4194304                                   {product} {ergonomic}
    uintx GCDrainStackTargetSize                   = 64                                        {product} {ergonomic}
   size_t InitialHeapSize                          = 536870912                                 {product} {command line}
   size_t MarkStackSize                            = 4194304                                   {product} {ergonomic}
   size_t MaxHeapSize                              = 8589934592                                {product} {command line}
   size_t MaxNewSize                               = 5150605312                                {product} {ergonomic}
   size_t MinHeapDeltaBytes                        = 4194304                                   {product} {ergonomic}
   size_t MinHeapSize                              = 536870912                                 {product} {command line}
    uintx NonNMethodCodeHeapSize                   = 5832780                                {pd product} {ergonomic}
    uintx NonProfiledCodeHeapSize                  = 122912730                              {pd product} {ergonomic}
    uintx ProfiledCodeHeapSize                     = 122912730                              {pd product} {ergonomic}
    uintx ReservedCodeCacheSize                    = 251658240                              {pd product} {ergonomic}
     bool SegmentedCodeCache                       = true                                      {product} {ergonomic}
   size_t SoftMaxHeapSize                          = 8589934592                             {manageable} {ergonomic}
     bool UseCompressedClassPointers               = true                           {product lp64_product} {ergonomic}
     bool UseCompressedOops                        = true                           {product lp64_product} {ergonomic}
     bool UseG1GC                                  = true                                      {product} {ergonomic}
     bool UseLargePagesIndividualAllocation        = false                                  {pd product} {ergonomic}

Logging:
Log output configuration:
 #0: stdout all=warning uptime,level,tags foldmultilines=false
 #1: stderr all=off uptime,level,tags foldmultilines=false

Environment Variables:
PATH=c:\Users\User.COMPUTER3\AppData\Roaming\Code\User\globalStorage\github.copilot-chat\debugCommand;c:\Users\User.COMPUTER3\AppData\Roaming\Code\User\globalStorage\github.copilot-chat\copilotCli;C:\Networks\Scripts\;C:\Networks\;C:\Program Files\Common Files\Oracle\Java\javapath;C:\Program Files (x86)\Intel\Intel(R) Management Engine Components\iCLS\;C:\Program Files\Intel\Intel(R) Management Engine Components\iCLS\;C:\WINDOWS\system32;C:\WINDOWS;C:\WINDOWS\System32\Wbem;C:\WINDOWS\System32\WindowsPowerShell\v1.0\;C:\Program Files (x86)\Intel\Intel(R) Management Engine Components\DAL;C:\Program Files\Intel\Intel(R) Management Engine Components\DAL;C:\Program Files (x86)\Intel\Intel(R) Management Engine Components\IPT;C:\Program Files\Intel\Intel(R) Management Engine Components\IPT;C:\WINDOWS\System32\OpenSSH\;C:\Program Files\Python311;C:\Program Files\Python311\Scripts;C:\Program Files\Microsoft SQL Server\150\Tools\Binn\;C:\Program Files\kotlinc\bin;C:\Program Files\nodejs;C:\Users\YourUsername\AppData\Local\Programs\Python\PythonXX\Scripts;C:\Program Files\Git\cmd;C:\Program Files\Redis\;C:\Networks\Scripts\;C:\Networks\;C:\Program Files\Common Files\Oracle\Java\javapath;C:\Program Files (x86)\Intel\Intel(R) Management Engine Components\iCLS\;C:\Program Files\Intel\Intel(R) Management Engine Components\iCLS\;C:\WINDOWS\system32;C:\WINDOWS;C:\WINDOWS\System32\Wbem;C:\WINDOWS\System32\WindowsPowerShell\v1.0\;C:\Program Files (x86)\Intel\Intel(R) Management Engine Components\DAL;C:\Program Files\Intel\Intel(R) Management Engine Components\DAL;C:\Program Files (x86)\Intel\Intel(R) Management Engine Components\IPT;C:\Program Files\Intel\Intel(R) Management Engine Components\IPT;C:\WINDOWS\System32\OpenSSH\;C:\Program Files\Python311;C:\Program Files\Python311\Scripts;C:\Program Files\Microsoft SQL Server\150\Tools\Binn\;C:\Program Files\kotlinc\bin;C:\Program Files\nodejs;C:\Users\YourUsername\AppData\Local\Programs\Python\PythonXX\Scripts;C:\Program Files\Docker\Docker\resources\bin;C:\Users\User.COMPUTER3\AppData\Local\Microsoft\WindowsApps;C:\Program Files\Tesseract-OCR;C:\Networks\Python3.8\;C:\Users\User.COMPUTER3\AppData\Local\Programs\Microsoft VS Code\bin;C:\Users\User.COMPUTER3\AppData\Local\Programs\Ollama;C:\Users\User.COMPUTER3\AppData\Local\Programs\MiK\miktex\bin\x64\;c:\Users\User.COMPUTER3\.vscode\extensions\vscjava.vscode-java-debug-0.59.0\bundled\scripts\noConfigScripts;c:\Users\User.COMPUTER3\.vscode\extensions\ms-python.debugpy-2026.6.0-win32-x64\bundled\scripts\noConfigScripts
USERNAME=User
LANG=en_US.UTF-8
OS=Windows_NT
PROCESSOR_IDENTIFIER=Intel64 Family 6 Model 158 Stepping 10, GenuineIntel
TMP=C:\Users\USER~1.COM\AppData\Local\Temp
TEMP=C:\Users\USER~1.COM\AppData\Local\Temp



---------------  S Y S T E M  ---------------

OS:
 Windows 11 , 64 bit Build 26100 (10.0.26100.8875)
OS uptime: 5 days 6:20 hours
Hyper-V role detected

CPU: total 6 (initial active 6) (6 cores per cpu, 1 threads per core) family 6 model 158 stepping 10 microcode 0xf0, cx8, cmov, fxsr, mmx, 3dnowpref, sse, sse2, sse3, ssse3, sse4.1, sse4.2, popcnt, lzcnt, tsc, tscinvbit, avx, avx2, aes, erms, clmul, bmi1, bmi2, rtm, adx, fma, vzeroupper, clflush, clflushopt, hv, rdtscp

Memory: 4k page, system-wide physical 16211M (1002M free)
TotalPageFile size 44770M (AvailPageFile size 123M)
current process WorkingSet (physical memory assigned to process): 7992M, peak: 7992M
current process commit charge ("private bytes"): 8177M, peak: 8609M

vm_info: Java HotSpot(TM) 64-Bit Server VM (19.0.1+10-21) for windows-amd64 JRE (19.0.1+10-21), built on 2022-09-14T12:45:06Z by "mach5one" with MS VC++ 17.1 (VS2022)

END.
